workflow_type,task_category,task_instances,workflows_with_this_task
1000genome,individuals,4620,4620
1000genome,mutation_overlap,1848,1848
1000genome,frequency,1848,1848
1000genome,file_handling,264,264
1000genome,sifting,264,264
airrflow,preprocessing,8,8
airrflow,file_handling,8,8
airrflow,gunzip_umi,8,8
airrflow,presto_filterseq_umi,8,8
airrflow,presto_maskprimers_umi,8,8
airrflow,presto_pairseq_umi,8,8
airrflow,presto_clustersets_umi,8,8
airrflow,presto_parse_cluster_umi,8,8
airrflow,presto_buildconsensus_umi,8,8
airrflow,presto_postconsensus_pairseq_umi,8,8
airrflow,presto_assemblepairs_umi,8,8
airrflow,qc,8,8
airrflow,presto_parseheaders_collapse_umi,8,8
airrflow,presto_parseheaders_primers_umi,8,8
airrflow,presto_parseheaders_metadata_umi,8,8
airrflow,presto_collapseseq_umi,8,8
airrflow,data_splitting,8,8
airrflow,changeo_assigngenes,8,8
airrflow,changeo_makedb,8,8
airrflow,filter_quality,8,8
airrflow,filtering,8,8
airrflow,filter_junction_mod3,8,8
airrflow,add_meta_to_tab,8,8
airrflow,file_concatenation,8,8
airrflow,dowser_lineages,8,8
airrflow,define_clones_compute,2,2
airrflow,samplesheet_check,1,1
airrflow,unzip_imgt,1,1
airrflow,blast_search,1,1
airrflow,parse_logs,1,1
airrflow,find_clonal_threshold,1,1
airrflow,define_clones_report,1,1
airrflow,report_file_size,1,1
airrflow,airrflow_report,1,1
airrflow,custom_dumpsoftwareversions,1,1
airrflow,reporting,1,1
atacseq,file_handling,93,93
atacseq,visualization,32,32
atacseq,indexing,22,22
atacseq,deduplication,22,22
atacseq,homer_annotatepeaks,10,10
atacseq,alignment,9,9
atacseq,reporting,9,9
atacseq,qc,8,8
atacseq,trimgalore,8,8
atacseq,macs2_callpeak,8,8
atacseq,frip_score,8,8
atacseq,genomic_interval_ops,8,8
atacseq,bamtools_filter,6,6
atacseq,bam_remove_orphans,3,3
atacseq,plot_macs2_qc,2,2
atacseq,macs2_consensus,2,2
atacseq,quantification,2,2
atacseq,plot_homer_annotatepeaks,2,2
atacseq,deseq2_qc,2,2
atacseq,samplesheet_check,1,1
atacseq,khmer_uniquekmers,1,1
atacseq,custom_getchromsizes,1,1
atacseq,gtf2bed,1,1
atacseq,get_autosomes,1,1
atacseq,genome_blacklist_regions,1,1
atacseq,tss_extract,1,1
atacseq,igv,1,1
atacseq,custom_dumpsoftwareversions,1,1
bacass,qc,2,2
bacass,skewer,2,2
bacass,unicycler,2,2
bacass,prokka,2,2
bacass,quast,1,1
bacass,get_software_versions,1,1
bacass,reporting,1,1
blast,blast_search,2215,2215
blast,data_splitting,15,15
blast,file_concatenation,15,15
bwa,alignment,10530,10530
bwa,fastq_reduce,15,15
bwa,file_concatenation,15,15
chain,compute_intensive,5,5
chipseq,file_handling,66,66
chipseq,visualization,28,28
chipseq,indexing,18,18
chipseq,deduplication,18,18
chipseq,reporting,11,11
chipseq,alignment,7,7
chipseq,qc,6,6
chipseq,trimgalore,6,6
chipseq,bam_filter,6,6
chipseq,bam_remove_orphans,6,6
chipseq,phantompeakqualtools,6,6
chipseq,genomic_interval_ops,6,6
chipseq,macs2_callpeak,4,4
chipseq,frip_score,4,4
chipseq,homer_annotatepeaks_macs2,4,4
chipseq,samplesheet_check,1,1
chipseq,custom_getchromsizes,1,1
chipseq,khmer_uniquekmers,1,1
chipseq,gtf2bed,1,1
chipseq,genome_blacklist_regions,1,1
chipseq,macs2_consensus,1,1
chipseq,plot_macs2_qc,1,1
chipseq,quantification,1,1
chipseq,homer_annotatepeaks_consensus,1,1
chipseq,plot_homer_annotatepeaks,1,1
chipseq,igv,1,1
chipseq,deseq2_qc,1,1
chipseq,annotate_boolean_peaks,1,1
chipseq,custom_dumpsoftwareversions,1,1
cutandrun,file_handling,42,42
cutandrun,visualization,15,15
cutandrun,indexing,12,12
cutandrun,filtering,11,11
cutandrun,genomic_interval_ops,9,9
cutandrun,alignment,4,4
cutandrun,qc,3,3
cutandrun,deduplication,3,3
cutandrun,trimgalore,2,2
cutandrun,complexity_estimation,2,2
cutandrun,samplesheet_check,1,1
cutandrun,gunzip_bed,1,1
cutandrun,gunzip_gtf,1,1
cutandrun,gunzip_spikein_fasta,1,1
cutandrun,gunzip_fasta,1,1
cutandrun,spikein_chromsizes,1,1
cutandrun,target_chromsizes,1,1
cutandrun,cut,1,1
cutandrun,seacr_callpeak_igg,1,1
cutandrun,primary_peak_counts,1,1
cutandrun,igv_session,1,1
cutandrun,sort,1,1
cutandrun,cut_calc_reprod,1,1
cutandrun,plot_consensus_peaks,1,1
cutandrun,consensus_peak_counts,1,1
cutandrun,custom_dumpsoftwareversions,1,1
cutandrun,reporting,1,1
cycles,baseline_cycles,7560,7560
cycles,cycles,7560,7560
cycles,fertilizer_increase_cycles,7560,7560
cycles,cycles_fertilizer_increase_output_parser,7560,7560
cycles,cycles_output_summary,216,216
cycles,cycles_fertilizer_increase_output_summary,216,216
cycles,cycles_plots,48,48
epigenomics,file_handling,124,124
epigenomics,data_splitting,98,98
epigenomics,chr21_chr21,26,26
epigenomics,pileup_pileup,26,26
epigenomics,fast2bfq_fast2bfq_hep2_msp1_digests_s_1_sequence_1,14,14
epigenomics,fast2bfq_fast2bfq_hep2_msp1_digests_s_1_sequence_2,14,14
epigenomics,fast2bfq_fast2bfq_hep2_msp1_digests_s_1_sequence_3,14,14
epigenomics,fast2bfq_fast2bfq_hep2_msp1_digests_s_1_sequence_4,14,14
epigenomics,fast2bfq_fast2bfq_hep2_msp1_digests_s_1_sequence_5,14,14
epigenomics,fast2bfq_fast2bfq_hep2_msp1_digests_s_1_sequence_6,14,14
epigenomics,fast2bfq_fast2bfq_hep2_msp1_digests_s_1_sequence_7,14,14
epigenomics,fast2bfq_fast2bfq_hep2_msp1_digests_s_1_sequence_8,14,14
epigenomics,fast2bfq_fast2bfq_hep2_msp1_digests_s_1_sequence_9,14,14
epigenomics,filtercontams_filtercontams_hep2_msp1_digests_s_1_sequence_1,14,14
epigenomics,filtercontams_filtercontams_hep2_msp1_digests_s_1_sequence_2,14,14
epigenomics,filtercontams_filtercontams_hep2_msp1_digests_s_1_sequence_3,14,14
epigenomics,filtercontams_filtercontams_hep2_msp1_digests_s_1_sequence_4,14,14
epigenomics,filtercontams_filtercontams_hep2_msp1_digests_s_1_sequence_5,14,14
epigenomics,filtercontams_filtercontams_hep2_msp1_digests_s_1_sequence_6,14,14
epigenomics,filtercontams_filtercontams_hep2_msp1_digests_s_1_sequence_7,14,14
epigenomics,filtercontams_filtercontams_hep2_msp1_digests_s_1_sequence_8,14,14
epigenomics,filtercontams_filtercontams_hep2_msp1_digests_s_1_sequence_9,14,14
epigenomics,map_map_hep2_msp1_digests_s_1_sequence_1,14,14
epigenomics,map_map_hep2_msp1_digests_s_1_sequence_2,14,14
epigenomics,map_map_hep2_msp1_digests_s_1_sequence_3,14,14
epigenomics,map_map_hep2_msp1_digests_s_1_sequence_4,14,14
epigenomics,map_map_hep2_msp1_digests_s_1_sequence_5,14,14
epigenomics,map_map_hep2_msp1_digests_s_1_sequence_6,14,14
epigenomics,map_map_hep2_msp1_digests_s_1_sequence_7,14,14
epigenomics,map_map_hep2_msp1_digests_s_1_sequence_8,14,14
epigenomics,map_map_hep2_msp1_digests_s_1_sequence_9,14,14
epigenomics,sol2sanger_sol2sanger_hep2_msp1_digests_s_1_sequence_1,14,14
epigenomics,sol2sanger_sol2sanger_hep2_msp1_digests_s_1_sequence_2,14,14
epigenomics,sol2sanger_sol2sanger_hep2_msp1_digests_s_1_sequence_3,14,14
epigenomics,sol2sanger_sol2sanger_hep2_msp1_digests_s_1_sequence_4,14,14
epigenomics,sol2sanger_sol2sanger_hep2_msp1_digests_s_1_sequence_5,14,14
epigenomics,sol2sanger_sol2sanger_hep2_msp1_digests_s_1_sequence_6,14,14
epigenomics,sol2sanger_sol2sanger_hep2_msp1_digests_s_1_sequence_7,14,14
epigenomics,sol2sanger_sol2sanger_hep2_msp1_digests_s_1_sequence_8,14,14
epigenomics,sol2sanger_sol2sanger_hep2_msp1_digests_s_1_sequence_9,14,14
epigenomics,fast2bfq_fast2bfq_hep2_msp1_digests_s_2_sequence_1,12,12
epigenomics,fast2bfq_fast2bfq_hep2_msp1_digests_s_2_sequence_10,12,12
epigenomics,fast2bfq_fast2bfq_hep2_msp1_digests_s_2_sequence_11,12,12
epigenomics,fast2bfq_fast2bfq_hep2_msp1_digests_s_2_sequence_12,12,12
epigenomics,fast2bfq_fast2bfq_hep2_msp1_digests_s_2_sequence_13,12,12
epigenomics,fast2bfq_fast2bfq_hep2_msp1_digests_s_2_sequence_14,12,12
epigenomics,fast2bfq_fast2bfq_hep2_msp1_digests_s_2_sequence_15,12,12
epigenomics,fast2bfq_fast2bfq_hep2_msp1_digests_s_2_sequence_16,12,12
epigenomics,fast2bfq_fast2bfq_hep2_msp1_digests_s_2_sequence_17,12,12
epigenomics,fast2bfq_fast2bfq_hep2_msp1_digests_s_2_sequence_18,12,12
epigenomics,fast2bfq_fast2bfq_hep2_msp1_digests_s_2_sequence_19,12,12
epigenomics,fast2bfq_fast2bfq_hep2_msp1_digests_s_2_sequence_2,12,12
epigenomics,fast2bfq_fast2bfq_hep2_msp1_digests_s_2_sequence_3,12,12
epigenomics,fast2bfq_fast2bfq_hep2_msp1_digests_s_2_sequence_4,12,12
epigenomics,fast2bfq_fast2bfq_hep2_msp1_digests_s_2_sequence_5,12,12
epigenomics,fast2bfq_fast2bfq_hep2_msp1_digests_s_2_sequence_6,12,12
epigenomics,fast2bfq_fast2bfq_hep2_msp1_digests_s_2_sequence_7,12,12
epigenomics,fast2bfq_fast2bfq_hep2_msp1_digests_s_2_sequence_8,12,12
epigenomics,fast2bfq_fast2bfq_hep2_msp1_digests_s_2_sequence_9,12,12
epigenomics,filtercontams_filtercontams_hep2_msp1_digests_s_2_sequence_1,12,12
epigenomics,filtercontams_filtercontams_hep2_msp1_digests_s_2_sequence_10,12,12
epigenomics,filtercontams_filtercontams_hep2_msp1_digests_s_2_sequence_11,12,12
epigenomics,filtercontams_filtercontams_hep2_msp1_digests_s_2_sequence_12,12,12
epigenomics,filtercontams_filtercontams_hep2_msp1_digests_s_2_sequence_13,12,12
epigenomics,filtercontams_filtercontams_hep2_msp1_digests_s_2_sequence_14,12,12
epigenomics,filtercontams_filtercontams_hep2_msp1_digests_s_2_sequence_15,12,12
epigenomics,filtercontams_filtercontams_hep2_msp1_digests_s_2_sequence_16,12,12
epigenomics,filtercontams_filtercontams_hep2_msp1_digests_s_2_sequence_17,12,12
epigenomics,filtercontams_filtercontams_hep2_msp1_digests_s_2_sequence_18,12,12
epigenomics,filtercontams_filtercontams_hep2_msp1_digests_s_2_sequence_19,12,12
epigenomics,filtercontams_filtercontams_hep2_msp1_digests_s_2_sequence_2,12,12
epigenomics,filtercontams_filtercontams_hep2_msp1_digests_s_2_sequence_3,12,12
epigenomics,filtercontams_filtercontams_hep2_msp1_digests_s_2_sequence_4,12,12
epigenomics,filtercontams_filtercontams_hep2_msp1_digests_s_2_sequence_5,12,12
epigenomics,filtercontams_filtercontams_hep2_msp1_digests_s_2_sequence_6,12,12
epigenomics,filtercontams_filtercontams_hep2_msp1_digests_s_2_sequence_7,12,12
epigenomics,filtercontams_filtercontams_hep2_msp1_digests_s_2_sequence_8,12,12
epigenomics,filtercontams_filtercontams_hep2_msp1_digests_s_2_sequence_9,12,12
epigenomics,map_map_hep2_msp1_digests_s_2_sequence_1,12,12
epigenomics,map_map_hep2_msp1_digests_s_2_sequence_10,12,12
epigenomics,map_map_hep2_msp1_digests_s_2_sequence_11,12,12
epigenomics,map_map_hep2_msp1_digests_s_2_sequence_12,12,12
epigenomics,map_map_hep2_msp1_digests_s_2_sequence_13,12,12
epigenomics,map_map_hep2_msp1_digests_s_2_sequence_14,12,12
epigenomics,map_map_hep2_msp1_digests_s_2_sequence_15,12,12
epigenomics,map_map_hep2_msp1_digests_s_2_sequence_16,12,12
epigenomics,map_map_hep2_msp1_digests_s_2_sequence_17,12,12
epigenomics,map_map_hep2_msp1_digests_s_2_sequence_18,12,12
epigenomics,map_map_hep2_msp1_digests_s_2_sequence_19,12,12
epigenomics,map_map_hep2_msp1_digests_s_2_sequence_2,12,12
epigenomics,map_map_hep2_msp1_digests_s_2_sequence_3,12,12
epigenomics,map_map_hep2_msp1_digests_s_2_sequence_4,12,12
epigenomics,map_map_hep2_msp1_digests_s_2_sequence_5,12,12
epigenomics,map_map_hep2_msp1_digests_s_2_sequence_6,12,12
epigenomics,map_map_hep2_msp1_digests_s_2_sequence_7,12,12
epigenomics,map_map_hep2_msp1_digests_s_2_sequence_8,12,12
epigenomics,map_map_hep2_msp1_digests_s_2_sequence_9,12,12
epigenomics,sol2sanger_sol2sanger_hep2_msp1_digests_s_2_sequence_1,12,12
epigenomics,sol2sanger_sol2sanger_hep2_msp1_digests_s_2_sequence_10,12,12
epigenomics,sol2sanger_sol2sanger_hep2_msp1_digests_s_2_sequence_11,12,12
epigenomics,sol2sanger_sol2sanger_hep2_msp1_digests_s_2_sequence_12,12,12
epigenomics,sol2sanger_sol2sanger_hep2_msp1_digests_s_2_sequence_13,12,12
epigenomics,sol2sanger_sol2sanger_hep2_msp1_digests_s_2_sequence_14,12,12
epigenomics,sol2sanger_sol2sanger_hep2_msp1_digests_s_2_sequence_15,12,12
epigenomics,sol2sanger_sol2sanger_hep2_msp1_digests_s_2_sequence_16,12,12
epigenomics,sol2sanger_sol2sanger_hep2_msp1_digests_s_2_sequence_17,12,12
epigenomics,sol2sanger_sol2sanger_hep2_msp1_digests_s_2_sequence_18,12,12
epigenomics,sol2sanger_sol2sanger_hep2_msp1_digests_s_2_sequence_19,12,12
epigenomics,sol2sanger_sol2sanger_hep2_msp1_digests_s_2_sequence_2,12,12
epigenomics,sol2sanger_sol2sanger_hep2_msp1_digests_s_2_sequence_3,12,12
epigenomics,sol2sanger_sol2sanger_hep2_msp1_digests_s_2_sequence_4,12,12
epigenomics,sol2sanger_sol2sanger_hep2_msp1_digests_s_2_sequence_5,12,12
epigenomics,sol2sanger_sol2sanger_hep2_msp1_digests_s_2_sequence_6,12,12
epigenomics,sol2sanger_sol2sanger_hep2_msp1_digests_s_2_sequence_7,12,12
epigenomics,sol2sanger_sol2sanger_hep2_msp1_digests_s_2_sequence_8,12,12
epigenomics,sol2sanger_sol2sanger_hep2_msp1_digests_s_2_sequence_9,12,12
epigenomics,fast2bfq_fast2bfq_080603_ilmn-ga001_0003_205wwaaxx_taq1_s_1_sequence_1,12,12
epigenomics,fast2bfq_fast2bfq_080603_ilmn-ga001_0003_205wwaaxx_taq1_s_1_sequence_10,12,12
epigenomics,fast2bfq_fast2bfq_080603_ilmn-ga001_0003_205wwaaxx_taq1_s_1_sequence_11,12,12
epigenomics,fast2bfq_fast2bfq_080603_ilmn-ga001_0003_205wwaaxx_taq1_s_1_sequence_12,12,12
epigenomics,fast2bfq_fast2bfq_080603_ilmn-ga001_0003_205wwaaxx_taq1_s_1_sequence_13,12,12
epigenomics,fast2bfq_fast2bfq_080603_ilmn-ga001_0003_205wwaaxx_taq1_s_1_sequence_14,12,12
epigenomics,fast2bfq_fast2bfq_080603_ilmn-ga001_0003_205wwaaxx_taq1_s_1_sequence_15,12,12
epigenomics,fast2bfq_fast2bfq_080603_ilmn-ga001_0003_205wwaaxx_taq1_s_1_sequence_16,12,12
epigenomics,fast2bfq_fast2bfq_080603_ilmn-ga001_0003_205wwaaxx_taq1_s_1_sequence_17,12,12
epigenomics,fast2bfq_fast2bfq_080603_ilmn-ga001_0003_205wwaaxx_taq1_s_1_sequence_18,12,12
epigenomics,fast2bfq_fast2bfq_080603_ilmn-ga001_0003_205wwaaxx_taq1_s_1_sequence_19,12,12
epigenomics,fast2bfq_fast2bfq_080603_ilmn-ga001_0003_205wwaaxx_taq1_s_1_sequence_2,12,12
epigenomics,fast2bfq_fast2bfq_080603_ilmn-ga001_0003_205wwaaxx_taq1_s_1_sequence_20,12,12
epigenomics,fast2bfq_fast2bfq_080603_ilmn-ga001_0003_205wwaaxx_taq1_s_1_sequence_21,12,12
epigenomics,fast2bfq_fast2bfq_080603_ilmn-ga001_0003_205wwaaxx_taq1_s_1_sequence_22,12,12
epigenomics,fast2bfq_fast2bfq_080603_ilmn-ga001_0003_205wwaaxx_taq1_s_1_sequence_23,12,12
epigenomics,fast2bfq_fast2bfq_080603_ilmn-ga001_0003_205wwaaxx_taq1_s_1_sequence_24,12,12
epigenomics,fast2bfq_fast2bfq_080603_ilmn-ga001_0003_205wwaaxx_taq1_s_1_sequence_25,12,12
epigenomics,fast2bfq_fast2bfq_080603_ilmn-ga001_0003_205wwaaxx_taq1_s_1_sequence_26,12,12
epigenomics,fast2bfq_fast2bfq_080603_ilmn-ga001_0003_205wwaaxx_taq1_s_1_sequence_27,12,12
epigenomics,fast2bfq_fast2bfq_080603_ilmn-ga001_0003_205wwaaxx_taq1_s_1_sequence_28,12,12
epigenomics,fast2bfq_fast2bfq_080603_ilmn-ga001_0003_205wwaaxx_taq1_s_1_sequence_29,12,12
epigenomics,fast2bfq_fast2bfq_080603_ilmn-ga001_0003_205wwaaxx_taq1_s_1_sequence_3,12,12
epigenomics,fast2bfq_fast2bfq_080603_ilmn-ga001_0003_205wwaaxx_taq1_s_1_sequence_30,12,12
epigenomics,fast2bfq_fast2bfq_080603_ilmn-ga001_0003_205wwaaxx_taq1_s_1_sequence_4,12,12
epigenomics,fast2bfq_fast2bfq_080603_ilmn-ga001_0003_205wwaaxx_taq1_s_1_sequence_5,12,12
epigenomics,fast2bfq_fast2bfq_080603_ilmn-ga001_0003_205wwaaxx_taq1_s_1_sequence_6,12,12
epigenomics,fast2bfq_fast2bfq_080603_ilmn-ga001_0003_205wwaaxx_taq1_s_1_sequence_7,12,12
epigenomics,fast2bfq_fast2bfq_080603_ilmn-ga001_0003_205wwaaxx_taq1_s_1_sequence_8,12,12
epigenomics,fast2bfq_fast2bfq_080603_ilmn-ga001_0003_205wwaaxx_taq1_s_1_sequence_9,12,12
epigenomics,filtercontams_filtercontams_080603_ilmn-ga001_0003_205wwaaxx_taq1_s_1_sequence_1,12,12
epigenomics,filtercontams_filtercontams_080603_ilmn-ga001_0003_205wwaaxx_taq1_s_1_sequence_10,12,12
epigenomics,filtercontams_filtercontams_080603_ilmn-ga001_0003_205wwaaxx_taq1_s_1_sequence_11,12,12
epigenomics,filtercontams_filtercontams_080603_ilmn-ga001_0003_205wwaaxx_taq1_s_1_sequence_12,12,12
epigenomics,filtercontams_filtercontams_080603_ilmn-ga001_0003_205wwaaxx_taq1_s_1_sequence_13,12,12
epigenomics,filtercontams_filtercontams_080603_ilmn-ga001_0003_205wwaaxx_taq1_s_1_sequence_14,12,12
epigenomics,filtercontams_filtercontams_080603_ilmn-ga001_0003_205wwaaxx_taq1_s_1_sequence_15,12,12
epigenomics,filtercontams_filtercontams_080603_ilmn-ga001_0003_205wwaaxx_taq1_s_1_sequence_16,12,12
epigenomics,filtercontams_filtercontams_080603_ilmn-ga001_0003_205wwaaxx_taq1_s_1_sequence_17,12,12
epigenomics,filtercontams_filtercontams_080603_ilmn-ga001_0003_205wwaaxx_taq1_s_1_sequence_18,12,12
epigenomics,filtercontams_filtercontams_080603_ilmn-ga001_0003_205wwaaxx_taq1_s_1_sequence_19,12,12
epigenomics,filtercontams_filtercontams_080603_ilmn-ga001_0003_205wwaaxx_taq1_s_1_sequence_2,12,12
epigenomics,filtercontams_filtercontams_080603_ilmn-ga001_0003_205wwaaxx_taq1_s_1_sequence_20,12,12
epigenomics,filtercontams_filtercontams_080603_ilmn-ga001_0003_205wwaaxx_taq1_s_1_sequence_21,12,12
epigenomics,filtercontams_filtercontams_080603_ilmn-ga001_0003_205wwaaxx_taq1_s_1_sequence_22,12,12
epigenomics,filtercontams_filtercontams_080603_ilmn-ga001_0003_205wwaaxx_taq1_s_1_sequence_23,12,12
epigenomics,filtercontams_filtercontams_080603_ilmn-ga001_0003_205wwaaxx_taq1_s_1_sequence_24,12,12
epigenomics,filtercontams_filtercontams_080603_ilmn-ga001_0003_205wwaaxx_taq1_s_1_sequence_25,12,12
epigenomics,filtercontams_filtercontams_080603_ilmn-ga001_0003_205wwaaxx_taq1_s_1_sequence_26,12,12
epigenomics,filtercontams_filtercontams_080603_ilmn-ga001_0003_205wwaaxx_taq1_s_1_sequence_27,12,12
epigenomics,filtercontams_filtercontams_080603_ilmn-ga001_0003_205wwaaxx_taq1_s_1_sequence_28,12,12
epigenomics,filtercontams_filtercontams_080603_ilmn-ga001_0003_205wwaaxx_taq1_s_1_sequence_29,12,12
epigenomics,filtercontams_filtercontams_080603_ilmn-ga001_0003_205wwaaxx_taq1_s_1_sequence_3,12,12
epigenomics,filtercontams_filtercontams_080603_ilmn-ga001_0003_205wwaaxx_taq1_s_1_sequence_30,12,12
epigenomics,filtercontams_filtercontams_080603_ilmn-ga001_0003_205wwaaxx_taq1_s_1_sequence_4,12,12
epigenomics,filtercontams_filtercontams_080603_ilmn-ga001_0003_205wwaaxx_taq1_s_1_sequence_5,12,12
epigenomics,filtercontams_filtercontams_080603_ilmn-ga001_0003_205wwaaxx_taq1_s_1_sequence_6,12,12
epigenomics,filtercontams_filtercontams_080603_ilmn-ga001_0003_205wwaaxx_taq1_s_1_sequence_7,12,12
epigenomics,filtercontams_filtercontams_080603_ilmn-ga001_0003_205wwaaxx_taq1_s_1_sequence_8,12,12
epigenomics,filtercontams_filtercontams_080603_ilmn-ga001_0003_205wwaaxx_taq1_s_1_sequence_9,12,12
epigenomics,map_map_080603_ilmn-ga001_0003_205wwaaxx_taq1_s_1_sequence_1,12,12
epigenomics,map_map_080603_ilmn-ga001_0003_205wwaaxx_taq1_s_1_sequence_10,12,12
epigenomics,map_map_080603_ilmn-ga001_0003_205wwaaxx_taq1_s_1_sequence_11,12,12
epigenomics,map_map_080603_ilmn-ga001_0003_205wwaaxx_taq1_s_1_sequence_12,12,12
epigenomics,map_map_080603_ilmn-ga001_0003_205wwaaxx_taq1_s_1_sequence_13,12,12
epigenomics,map_map_080603_ilmn-ga001_0003_205wwaaxx_taq1_s_1_sequence_14,12,12
epigenomics,map_map_080603_ilmn-ga001_0003_205wwaaxx_taq1_s_1_sequence_15,12,12
epigenomics,map_map_080603_ilmn-ga001_0003_205wwaaxx_taq1_s_1_sequence_16,12,12
epigenomics,map_map_080603_ilmn-ga001_0003_205wwaaxx_taq1_s_1_sequence_17,12,12
epigenomics,map_map_080603_ilmn-ga001_0003_205wwaaxx_taq1_s_1_sequence_18,12,12
epigenomics,map_map_080603_ilmn-ga001_0003_205wwaaxx_taq1_s_1_sequence_19,12,12
epigenomics,map_map_080603_ilmn-ga001_0003_205wwaaxx_taq1_s_1_sequence_2,12,12
epigenomics,map_map_080603_ilmn-ga001_0003_205wwaaxx_taq1_s_1_sequence_20,12,12
epigenomics,map_map_080603_ilmn-ga001_0003_205wwaaxx_taq1_s_1_sequence_21,12,12
epigenomics,map_map_080603_ilmn-ga001_0003_205wwaaxx_taq1_s_1_sequence_22,12,12
epigenomics,map_map_080603_ilmn-ga001_0003_205wwaaxx_taq1_s_1_sequence_23,12,12
epigenomics,map_map_080603_ilmn-ga001_0003_205wwaaxx_taq1_s_1_sequence_24,12,12
epigenomics,map_map_080603_ilmn-ga001_0003_205wwaaxx_taq1_s_1_sequence_25,12,12
epigenomics,map_map_080603_ilmn-ga001_0003_205wwaaxx_taq1_s_1_sequence_26,12,12
epigenomics,map_map_080603_ilmn-ga001_0003_205wwaaxx_taq1_s_1_sequence_27,12,12
epigenomics,map_map_080603_ilmn-ga001_0003_205wwaaxx_taq1_s_1_sequence_28,12,12
epigenomics,map_map_080603_ilmn-ga001_0003_205wwaaxx_taq1_s_1_sequence_29,12,12
epigenomics,map_map_080603_ilmn-ga001_0003_205wwaaxx_taq1_s_1_sequence_3,12,12
epigenomics,map_map_080603_ilmn-ga001_0003_205wwaaxx_taq1_s_1_sequence_30,12,12
epigenomics,map_map_080603_ilmn-ga001_0003_205wwaaxx_taq1_s_1_sequence_4,12,12
epigenomics,map_map_080603_ilmn-ga001_0003_205wwaaxx_taq1_s_1_sequence_5,12,12
epigenomics,map_map_080603_ilmn-ga001_0003_205wwaaxx_taq1_s_1_sequence_6,12,12
epigenomics,map_map_080603_ilmn-ga001_0003_205wwaaxx_taq1_s_1_sequence_7,12,12
epigenomics,map_map_080603_ilmn-ga001_0003_205wwaaxx_taq1_s_1_sequence_8,12,12
epigenomics,map_map_080603_ilmn-ga001_0003_205wwaaxx_taq1_s_1_sequence_9,12,12
epigenomics,sol2sanger_sol2sanger_080603_ilmn-ga001_0003_205wwaaxx_taq1_s_1_sequence_1,12,12
epigenomics,sol2sanger_sol2sanger_080603_ilmn-ga001_0003_205wwaaxx_taq1_s_1_sequence_10,12,12
epigenomics,sol2sanger_sol2sanger_080603_ilmn-ga001_0003_205wwaaxx_taq1_s_1_sequence_11,12,12
epigenomics,sol2sanger_sol2sanger_080603_ilmn-ga001_0003_205wwaaxx_taq1_s_1_sequence_12,12,12
epigenomics,sol2sanger_sol2sanger_080603_ilmn-ga001_0003_205wwaaxx_taq1_s_1_sequence_13,12,12
epigenomics,sol2sanger_sol2sanger_080603_ilmn-ga001_0003_205wwaaxx_taq1_s_1_sequence_14,12,12
epigenomics,sol2sanger_sol2sanger_080603_ilmn-ga001_0003_205wwaaxx_taq1_s_1_sequence_15,12,12
epigenomics,sol2sanger_sol2sanger_080603_ilmn-ga001_0003_205wwaaxx_taq1_s_1_sequence_16,12,12
epigenomics,sol2sanger_sol2sanger_080603_ilmn-ga001_0003_205wwaaxx_taq1_s_1_sequence_17,12,12
epigenomics,sol2sanger_sol2sanger_080603_ilmn-ga001_0003_205wwaaxx_taq1_s_1_sequence_18,12,12
epigenomics,sol2sanger_sol2sanger_080603_ilmn-ga001_0003_205wwaaxx_taq1_s_1_sequence_19,12,12
epigenomics,sol2sanger_sol2sanger_080603_ilmn-ga001_0003_205wwaaxx_taq1_s_1_sequence_2,12,12
epigenomics,sol2sanger_sol2sanger_080603_ilmn-ga001_0003_205wwaaxx_taq1_s_1_sequence_20,12,12
epigenomics,sol2sanger_sol2sanger_080603_ilmn-ga001_0003_205wwaaxx_taq1_s_1_sequence_21,12,12
epigenomics,sol2sanger_sol2sanger_080603_ilmn-ga001_0003_205wwaaxx_taq1_s_1_sequence_22,12,12
epigenomics,sol2sanger_sol2sanger_080603_ilmn-ga001_0003_205wwaaxx_taq1_s_1_sequence_23,12,12
epigenomics,sol2sanger_sol2sanger_080603_ilmn-ga001_0003_205wwaaxx_taq1_s_1_sequence_24,12,12
epigenomics,sol2sanger_sol2sanger_080603_ilmn-ga001_0003_205wwaaxx_taq1_s_1_sequence_25,12,12
epigenomics,sol2sanger_sol2sanger_080603_ilmn-ga001_0003_205wwaaxx_taq1_s_1_sequence_26,12,12
epigenomics,sol2sanger_sol2sanger_080603_ilmn-ga001_0003_205wwaaxx_taq1_s_1_sequence_27,12,12
epigenomics,sol2sanger_sol2sanger_080603_ilmn-ga001_0003_205wwaaxx_taq1_s_1_sequence_28,12,12
epigenomics,sol2sanger_sol2sanger_080603_ilmn-ga001_0003_205wwaaxx_taq1_s_1_sequence_29,12,12
epigenomics,sol2sanger_sol2sanger_080603_ilmn-ga001_0003_205wwaaxx_taq1_s_1_sequence_3,12,12
epigenomics,sol2sanger_sol2sanger_080603_ilmn-ga001_0003_205wwaaxx_taq1_s_1_sequence_30,12,12
epigenomics,sol2sanger_sol2sanger_080603_ilmn-ga001_0003_205wwaaxx_taq1_s_1_sequence_4,12,12
epigenomics,sol2sanger_sol2sanger_080603_ilmn-ga001_0003_205wwaaxx_taq1_s_1_sequence_5,12,12
epigenomics,sol2sanger_sol2sanger_080603_ilmn-ga001_0003_205wwaaxx_taq1_s_1_sequence_6,12,12
epigenomics,sol2sanger_sol2sanger_080603_ilmn-ga001_0003_205wwaaxx_taq1_s_1_sequence_7,12,12
epigenomics,sol2sanger_sol2sanger_080603_ilmn-ga001_0003_205wwaaxx_taq1_s_1_sequence_8,12,12
epigenomics,sol2sanger_sol2sanger_080603_ilmn-ga001_0003_205wwaaxx_taq1_s_1_sequence_9,12,12
epigenomics,fast2bfq_fast2bfq_hep2_msp1_digests_s_3_sequence_1,10,10
epigenomics,fast2bfq_fast2bfq_hep2_msp1_digests_s_3_sequence_10,10,10
epigenomics,fast2bfq_fast2bfq_hep2_msp1_digests_s_3_sequence_11,10,10
epigenomics,fast2bfq_fast2bfq_hep2_msp1_digests_s_3_sequence_12,10,10
epigenomics,fast2bfq_fast2bfq_hep2_msp1_digests_s_3_sequence_13,10,10
epigenomics,fast2bfq_fast2bfq_hep2_msp1_digests_s_3_sequence_14,10,10
epigenomics,fast2bfq_fast2bfq_hep2_msp1_digests_s_3_sequence_15,10,10
epigenomics,fast2bfq_fast2bfq_hep2_msp1_digests_s_3_sequence_16,10,10
epigenomics,fast2bfq_fast2bfq_hep2_msp1_digests_s_3_sequence_17,10,10
epigenomics,fast2bfq_fast2bfq_hep2_msp1_digests_s_3_sequence_18,10,10
epigenomics,fast2bfq_fast2bfq_hep2_msp1_digests_s_3_sequence_19,10,10
epigenomics,fast2bfq_fast2bfq_hep2_msp1_digests_s_3_sequence_2,10,10
epigenomics,fast2bfq_fast2bfq_hep2_msp1_digests_s_3_sequence_20,10,10
epigenomics,fast2bfq_fast2bfq_hep2_msp1_digests_s_3_sequence_21,10,10
epigenomics,fast2bfq_fast2bfq_hep2_msp1_digests_s_3_sequence_22,10,10
epigenomics,fast2bfq_fast2bfq_hep2_msp1_digests_s_3_sequence_23,10,10
epigenomics,fast2bfq_fast2bfq_hep2_msp1_digests_s_3_sequence_24,10,10
epigenomics,fast2bfq_fast2bfq_hep2_msp1_digests_s_3_sequence_25,10,10
epigenomics,fast2bfq_fast2bfq_hep2_msp1_digests_s_3_sequence_26,10,10
epigenomics,fast2bfq_fast2bfq_hep2_msp1_digests_s_3_sequence_27,10,10
epigenomics,fast2bfq_fast2bfq_hep2_msp1_digests_s_3_sequence_28,10,10
epigenomics,fast2bfq_fast2bfq_hep2_msp1_digests_s_3_sequence_3,10,10
epigenomics,fast2bfq_fast2bfq_hep2_msp1_digests_s_3_sequence_4,10,10
epigenomics,fast2bfq_fast2bfq_hep2_msp1_digests_s_3_sequence_5,10,10
epigenomics,fast2bfq_fast2bfq_hep2_msp1_digests_s_3_sequence_6,10,10
epigenomics,fast2bfq_fast2bfq_hep2_msp1_digests_s_3_sequence_7,10,10
epigenomics,fast2bfq_fast2bfq_hep2_msp1_digests_s_3_sequence_8,10,10
epigenomics,fast2bfq_fast2bfq_hep2_msp1_digests_s_3_sequence_9,10,10
epigenomics,filtercontams_filtercontams_hep2_msp1_digests_s_3_sequence_1,10,10
epigenomics,filtercontams_filtercontams_hep2_msp1_digests_s_3_sequence_10,10,10
epigenomics,filtercontams_filtercontams_hep2_msp1_digests_s_3_sequence_11,10,10
epigenomics,filtercontams_filtercontams_hep2_msp1_digests_s_3_sequence_12,10,10
epigenomics,filtercontams_filtercontams_hep2_msp1_digests_s_3_sequence_13,10,10
epigenomics,filtercontams_filtercontams_hep2_msp1_digests_s_3_sequence_14,10,10
epigenomics,filtercontams_filtercontams_hep2_msp1_digests_s_3_sequence_15,10,10
epigenomics,filtercontams_filtercontams_hep2_msp1_digests_s_3_sequence_16,10,10
epigenomics,filtercontams_filtercontams_hep2_msp1_digests_s_3_sequence_17,10,10
epigenomics,filtercontams_filtercontams_hep2_msp1_digests_s_3_sequence_18,10,10
epigenomics,filtercontams_filtercontams_hep2_msp1_digests_s_3_sequence_19,10,10
epigenomics,filtercontams_filtercontams_hep2_msp1_digests_s_3_sequence_2,10,10
epigenomics,filtercontams_filtercontams_hep2_msp1_digests_s_3_sequence_20,10,10
epigenomics,filtercontams_filtercontams_hep2_msp1_digests_s_3_sequence_21,10,10
epigenomics,filtercontams_filtercontams_hep2_msp1_digests_s_3_sequence_22,10,10
epigenomics,filtercontams_filtercontams_hep2_msp1_digests_s_3_sequence_23,10,10
epigenomics,filtercontams_filtercontams_hep2_msp1_digests_s_3_sequence_24,10,10
epigenomics,filtercontams_filtercontams_hep2_msp1_digests_s_3_sequence_25,10,10
epigenomics,filtercontams_filtercontams_hep2_msp1_digests_s_3_sequence_26,10,10
epigenomics,filtercontams_filtercontams_hep2_msp1_digests_s_3_sequence_27,10,10
epigenomics,filtercontams_filtercontams_hep2_msp1_digests_s_3_sequence_28,10,10
epigenomics,filtercontams_filtercontams_hep2_msp1_digests_s_3_sequence_3,10,10
epigenomics,filtercontams_filtercontams_hep2_msp1_digests_s_3_sequence_4,10,10
epigenomics,filtercontams_filtercontams_hep2_msp1_digests_s_3_sequence_5,10,10
epigenomics,filtercontams_filtercontams_hep2_msp1_digests_s_3_sequence_6,10,10
epigenomics,filtercontams_filtercontams_hep2_msp1_digests_s_3_sequence_7,10,10
epigenomics,filtercontams_filtercontams_hep2_msp1_digests_s_3_sequence_8,10,10
epigenomics,filtercontams_filtercontams_hep2_msp1_digests_s_3_sequence_9,10,10
epigenomics,map_map_hep2_msp1_digests_s_3_sequence_1,10,10
epigenomics,map_map_hep2_msp1_digests_s_3_sequence_10,10,10
epigenomics,map_map_hep2_msp1_digests_s_3_sequence_11,10,10
epigenomics,map_map_hep2_msp1_digests_s_3_sequence_12,10,10
epigenomics,map_map_hep2_msp1_digests_s_3_sequence_13,10,10
epigenomics,map_map_hep2_msp1_digests_s_3_sequence_14,10,10
epigenomics,map_map_hep2_msp1_digests_s_3_sequence_15,10,10
epigenomics,map_map_hep2_msp1_digests_s_3_sequence_16,10,10
epigenomics,map_map_hep2_msp1_digests_s_3_sequence_17,10,10
epigenomics,map_map_hep2_msp1_digests_s_3_sequence_18,10,10
epigenomics,map_map_hep2_msp1_digests_s_3_sequence_19,10,10
epigenomics,map_map_hep2_msp1_digests_s_3_sequence_2,10,10
epigenomics,map_map_hep2_msp1_digests_s_3_sequence_20,10,10
epigenomics,map_map_hep2_msp1_digests_s_3_sequence_21,10,10
epigenomics,map_map_hep2_msp1_digests_s_3_sequence_22,10,10
epigenomics,map_map_hep2_msp1_digests_s_3_sequence_23,10,10
epigenomics,map_map_hep2_msp1_digests_s_3_sequence_24,10,10
epigenomics,map_map_hep2_msp1_digests_s_3_sequence_25,10,10
epigenomics,map_map_hep2_msp1_digests_s_3_sequence_26,10,10
epigenomics,map_map_hep2_msp1_digests_s_3_sequence_27,10,10
epigenomics,map_map_hep2_msp1_digests_s_3_sequence_28,10,10
epigenomics,map_map_hep2_msp1_digests_s_3_sequence_3,10,10
epigenomics,map_map_hep2_msp1_digests_s_3_sequence_4,10,10
epigenomics,map_map_hep2_msp1_digests_s_3_sequence_5,10,10
epigenomics,map_map_hep2_msp1_digests_s_3_sequence_6,10,10
epigenomics,map_map_hep2_msp1_digests_s_3_sequence_7,10,10
epigenomics,map_map_hep2_msp1_digests_s_3_sequence_8,10,10
epigenomics,map_map_hep2_msp1_digests_s_3_sequence_9,10,10
epigenomics,sol2sanger_sol2sanger_hep2_msp1_digests_s_3_sequence_1,10,10
epigenomics,sol2sanger_sol2sanger_hep2_msp1_digests_s_3_sequence_10,10,10
epigenomics,sol2sanger_sol2sanger_hep2_msp1_digests_s_3_sequence_11,10,10
epigenomics,sol2sanger_sol2sanger_hep2_msp1_digests_s_3_sequence_12,10,10
epigenomics,sol2sanger_sol2sanger_hep2_msp1_digests_s_3_sequence_13,10,10
epigenomics,sol2sanger_sol2sanger_hep2_msp1_digests_s_3_sequence_14,10,10
epigenomics,sol2sanger_sol2sanger_hep2_msp1_digests_s_3_sequence_15,10,10
epigenomics,sol2sanger_sol2sanger_hep2_msp1_digests_s_3_sequence_16,10,10
epigenomics,sol2sanger_sol2sanger_hep2_msp1_digests_s_3_sequence_17,10,10
epigenomics,sol2sanger_sol2sanger_hep2_msp1_digests_s_3_sequence_18,10,10
epigenomics,sol2sanger_sol2sanger_hep2_msp1_digests_s_3_sequence_19,10,10
epigenomics,sol2sanger_sol2sanger_hep2_msp1_digests_s_3_sequence_2,10,10
epigenomics,sol2sanger_sol2sanger_hep2_msp1_digests_s_3_sequence_20,10,10
epigenomics,sol2sanger_sol2sanger_hep2_msp1_digests_s_3_sequence_21,10,10
epigenomics,sol2sanger_sol2sanger_hep2_msp1_digests_s_3_sequence_22,10,10
epigenomics,sol2sanger_sol2sanger_hep2_msp1_digests_s_3_sequence_23,10,10
epigenomics,sol2sanger_sol2sanger_hep2_msp1_digests_s_3_sequence_24,10,10
epigenomics,sol2sanger_sol2sanger_hep2_msp1_digests_s_3_sequence_25,10,10
epigenomics,sol2sanger_sol2sanger_hep2_msp1_digests_s_3_sequence_26,10,10
epigenomics,sol2sanger_sol2sanger_hep2_msp1_digests_s_3_sequence_27,10,10
epigenomics,sol2sanger_sol2sanger_hep2_msp1_digests_s_3_sequence_28,10,10
epigenomics,sol2sanger_sol2sanger_hep2_msp1_digests_s_3_sequence_3,10,10
epigenomics,sol2sanger_sol2sanger_hep2_msp1_digests_s_3_sequence_4,10,10
epigenomics,sol2sanger_sol2sanger_hep2_msp1_digests_s_3_sequence_5,10,10
epigenomics,sol2sanger_sol2sanger_hep2_msp1_digests_s_3_sequence_6,10,10
epigenomics,sol2sanger_sol2sanger_hep2_msp1_digests_s_3_sequence_7,10,10
epigenomics,sol2sanger_sol2sanger_hep2_msp1_digests_s_3_sequence_8,10,10
epigenomics,sol2sanger_sol2sanger_hep2_msp1_digests_s_3_sequence_9,10,10
epigenomics,fast2bfq_fast2bfq_080603_ilmn-ga001_0003_205wwaaxx_taq1_s_2_sequence_1,10,10
epigenomics,fast2bfq_fast2bfq_080603_ilmn-ga001_0003_205wwaaxx_taq1_s_2_sequence_10,10,10
epigenomics,fast2bfq_fast2bfq_080603_ilmn-ga001_0003_205wwaaxx_taq1_s_2_sequence_11,10,10
epigenomics,fast2bfq_fast2bfq_080603_ilmn-ga001_0003_205wwaaxx_taq1_s_2_sequence_12,10,10
epigenomics,fast2bfq_fast2bfq_080603_ilmn-ga001_0003_205wwaaxx_taq1_s_2_sequence_13,10,10
epigenomics,fast2bfq_fast2bfq_080603_ilmn-ga001_0003_205wwaaxx_taq1_s_2_sequence_14,10,10
epigenomics,fast2bfq_fast2bfq_080603_ilmn-ga001_0003_205wwaaxx_taq1_s_2_sequence_15,10,10
epigenomics,fast2bfq_fast2bfq_080603_ilmn-ga001_0003_205wwaaxx_taq1_s_2_sequence_16,10,10
epigenomics,fast2bfq_fast2bfq_080603_ilmn-ga001_0003_205wwaaxx_taq1_s_2_sequence_17,10,10
epigenomics,fast2bfq_fast2bfq_080603_ilmn-ga001_0003_205wwaaxx_taq1_s_2_sequence_18,10,10
epigenomics,fast2bfq_fast2bfq_080603_ilmn-ga001_0003_205wwaaxx_taq1_s_2_sequence_19,10,10
epigenomics,fast2bfq_fast2bfq_080603_ilmn-ga001_0003_205wwaaxx_taq1_s_2_sequence_2,10,10
epigenomics,fast2bfq_fast2bfq_080603_ilmn-ga001_0003_205wwaaxx_taq1_s_2_sequence_20,10,10
epigenomics,fast2bfq_fast2bfq_080603_ilmn-ga001_0003_205wwaaxx_taq1_s_2_sequence_21,10,10
epigenomics,fast2bfq_fast2bfq_080603_ilmn-ga001_0003_205wwaaxx_taq1_s_2_sequence_22,10,10
epigenomics,fast2bfq_fast2bfq_080603_ilmn-ga001_0003_205wwaaxx_taq1_s_2_sequence_23,10,10
epigenomics,fast2bfq_fast2bfq_080603_ilmn-ga001_0003_205wwaaxx_taq1_s_2_sequence_24,10,10
epigenomics,fast2bfq_fast2bfq_080603_ilmn-ga001_0003_205wwaaxx_taq1_s_2_sequence_25,10,10
epigenomics,fast2bfq_fast2bfq_080603_ilmn-ga001_0003_205wwaaxx_taq1_s_2_sequence_26,10,10
epigenomics,fast2bfq_fast2bfq_080603_ilmn-ga001_0003_205wwaaxx_taq1_s_2_sequence_27,10,10
epigenomics,fast2bfq_fast2bfq_080603_ilmn-ga001_0003_205wwaaxx_taq1_s_2_sequence_28,10,10
epigenomics,fast2bfq_fast2bfq_080603_ilmn-ga001_0003_205wwaaxx_taq1_s_2_sequence_29,10,10
epigenomics,fast2bfq_fast2bfq_080603_ilmn-ga001_0003_205wwaaxx_taq1_s_2_sequence_3,10,10
epigenomics,fast2bfq_fast2bfq_080603_ilmn-ga001_0003_205wwaaxx_taq1_s_2_sequence_30,10,10
epigenomics,fast2bfq_fast2bfq_080603_ilmn-ga001_0003_205wwaaxx_taq1_s_2_sequence_31,10,10
epigenomics,fast2bfq_fast2bfq_080603_ilmn-ga001_0003_205wwaaxx_taq1_s_2_sequence_32,10,10
epigenomics,fast2bfq_fast2bfq_080603_ilmn-ga001_0003_205wwaaxx_taq1_s_2_sequence_33,10,10
epigenomics,fast2bfq_fast2bfq_080603_ilmn-ga001_0003_205wwaaxx_taq1_s_2_sequence_34,10,10
epigenomics,fast2bfq_fast2bfq_080603_ilmn-ga001_0003_205wwaaxx_taq1_s_2_sequence_4,10,10
epigenomics,fast2bfq_fast2bfq_080603_ilmn-ga001_0003_205wwaaxx_taq1_s_2_sequence_5,10,10
epigenomics,fast2bfq_fast2bfq_080603_ilmn-ga001_0003_205wwaaxx_taq1_s_2_sequence_6,10,10
epigenomics,fast2bfq_fast2bfq_080603_ilmn-ga001_0003_205wwaaxx_taq1_s_2_sequence_7,10,10
epigenomics,fast2bfq_fast2bfq_080603_ilmn-ga001_0003_205wwaaxx_taq1_s_2_sequence_8,10,10
epigenomics,fast2bfq_fast2bfq_080603_ilmn-ga001_0003_205wwaaxx_taq1_s_2_sequence_9,10,10
epigenomics,filtercontams_filtercontams_080603_ilmn-ga001_0003_205wwaaxx_taq1_s_2_sequence_1,10,10
epigenomics,filtercontams_filtercontams_080603_ilmn-ga001_0003_205wwaaxx_taq1_s_2_sequence_10,10,10
epigenomics,filtercontams_filtercontams_080603_ilmn-ga001_0003_205wwaaxx_taq1_s_2_sequence_11,10,10
epigenomics,filtercontams_filtercontams_080603_ilmn-ga001_0003_205wwaaxx_taq1_s_2_sequence_12,10,10
epigenomics,filtercontams_filtercontams_080603_ilmn-ga001_0003_205wwaaxx_taq1_s_2_sequence_13,10,10
epigenomics,filtercontams_filtercontams_080603_ilmn-ga001_0003_205wwaaxx_taq1_s_2_sequence_14,10,10
epigenomics,filtercontams_filtercontams_080603_ilmn-ga001_0003_205wwaaxx_taq1_s_2_sequence_15,10,10
epigenomics,filtercontams_filtercontams_080603_ilmn-ga001_0003_205wwaaxx_taq1_s_2_sequence_16,10,10
epigenomics,filtercontams_filtercontams_080603_ilmn-ga001_0003_205wwaaxx_taq1_s_2_sequence_17,10,10
epigenomics,filtercontams_filtercontams_080603_ilmn-ga001_0003_205wwaaxx_taq1_s_2_sequence_18,10,10
epigenomics,filtercontams_filtercontams_080603_ilmn-ga001_0003_205wwaaxx_taq1_s_2_sequence_19,10,10
epigenomics,filtercontams_filtercontams_080603_ilmn-ga001_0003_205wwaaxx_taq1_s_2_sequence_2,10,10
epigenomics,filtercontams_filtercontams_080603_ilmn-ga001_0003_205wwaaxx_taq1_s_2_sequence_20,10,10
epigenomics,filtercontams_filtercontams_080603_ilmn-ga001_0003_205wwaaxx_taq1_s_2_sequence_21,10,10
epigenomics,filtercontams_filtercontams_080603_ilmn-ga001_0003_205wwaaxx_taq1_s_2_sequence_22,10,10
epigenomics,filtercontams_filtercontams_080603_ilmn-ga001_0003_205wwaaxx_taq1_s_2_sequence_23,10,10
epigenomics,filtercontams_filtercontams_080603_ilmn-ga001_0003_205wwaaxx_taq1_s_2_sequence_24,10,10
epigenomics,filtercontams_filtercontams_080603_ilmn-ga001_0003_205wwaaxx_taq1_s_2_sequence_25,10,10
epigenomics,filtercontams_filtercontams_080603_ilmn-ga001_0003_205wwaaxx_taq1_s_2_sequence_26,10,10
epigenomics,filtercontams_filtercontams_080603_ilmn-ga001_0003_205wwaaxx_taq1_s_2_sequence_27,10,10
epigenomics,filtercontams_filtercontams_080603_ilmn-ga001_0003_205wwaaxx_taq1_s_2_sequence_28,10,10
epigenomics,filtercontams_filtercontams_080603_ilmn-ga001_0003_205wwaaxx_taq1_s_2_sequence_29,10,10
epigenomics,filtercontams_filtercontams_080603_ilmn-ga001_0003_205wwaaxx_taq1_s_2_sequence_3,10,10
epigenomics,filtercontams_filtercontams_080603_ilmn-ga001_0003_205wwaaxx_taq1_s_2_sequence_30,10,10
epigenomics,filtercontams_filtercontams_080603_ilmn-ga001_0003_205wwaaxx_taq1_s_2_sequence_31,10,10
epigenomics,filtercontams_filtercontams_080603_ilmn-ga001_0003_205wwaaxx_taq1_s_2_sequence_32,10,10
epigenomics,filtercontams_filtercontams_080603_ilmn-ga001_0003_205wwaaxx_taq1_s_2_sequence_33,10,10
epigenomics,filtercontams_filtercontams_080603_ilmn-ga001_0003_205wwaaxx_taq1_s_2_sequence_34,10,10
epigenomics,filtercontams_filtercontams_080603_ilmn-ga001_0003_205wwaaxx_taq1_s_2_sequence_4,10,10
epigenomics,filtercontams_filtercontams_080603_ilmn-ga001_0003_205wwaaxx_taq1_s_2_sequence_5,10,10
epigenomics,filtercontams_filtercontams_080603_ilmn-ga001_0003_205wwaaxx_taq1_s_2_sequence_6,10,10
epigenomics,filtercontams_filtercontams_080603_ilmn-ga001_0003_205wwaaxx_taq1_s_2_sequence_7,10,10
epigenomics,filtercontams_filtercontams_080603_ilmn-ga001_0003_205wwaaxx_taq1_s_2_sequence_8,10,10
epigenomics,filtercontams_filtercontams_080603_ilmn-ga001_0003_205wwaaxx_taq1_s_2_sequence_9,10,10
epigenomics,map_map_080603_ilmn-ga001_0003_205wwaaxx_taq1_s_2_sequence_1,10,10
epigenomics,map_map_080603_ilmn-ga001_0003_205wwaaxx_taq1_s_2_sequence_10,10,10
epigenomics,map_map_080603_ilmn-ga001_0003_205wwaaxx_taq1_s_2_sequence_11,10,10
epigenomics,map_map_080603_ilmn-ga001_0003_205wwaaxx_taq1_s_2_sequence_12,10,10
epigenomics,map_map_080603_ilmn-ga001_0003_205wwaaxx_taq1_s_2_sequence_13,10,10
epigenomics,map_map_080603_ilmn-ga001_0003_205wwaaxx_taq1_s_2_sequence_14,10,10
epigenomics,map_map_080603_ilmn-ga001_0003_205wwaaxx_taq1_s_2_sequence_15,10,10
epigenomics,map_map_080603_ilmn-ga001_0003_205wwaaxx_taq1_s_2_sequence_16,10,10
epigenomics,map_map_080603_ilmn-ga001_0003_205wwaaxx_taq1_s_2_sequence_17,10,10
epigenomics,map_map_080603_ilmn-ga001_0003_205wwaaxx_taq1_s_2_sequence_18,10,10
epigenomics,map_map_080603_ilmn-ga001_0003_205wwaaxx_taq1_s_2_sequence_19,10,10
epigenomics,map_map_080603_ilmn-ga001_0003_205wwaaxx_taq1_s_2_sequence_2,10,10
epigenomics,map_map_080603_ilmn-ga001_0003_205wwaaxx_taq1_s_2_sequence_20,10,10
epigenomics,map_map_080603_ilmn-ga001_0003_205wwaaxx_taq1_s_2_sequence_21,10,10
epigenomics,map_map_080603_ilmn-ga001_0003_205wwaaxx_taq1_s_2_sequence_22,10,10
epigenomics,map_map_080603_ilmn-ga001_0003_205wwaaxx_taq1_s_2_sequence_23,10,10
epigenomics,map_map_080603_ilmn-ga001_0003_205wwaaxx_taq1_s_2_sequence_24,10,10
epigenomics,map_map_080603_ilmn-ga001_0003_205wwaaxx_taq1_s_2_sequence_25,10,10
epigenomics,map_map_080603_ilmn-ga001_0003_205wwaaxx_taq1_s_2_sequence_26,10,10
epigenomics,map_map_080603_ilmn-ga001_0003_205wwaaxx_taq1_s_2_sequence_27,10,10
epigenomics,map_map_080603_ilmn-ga001_0003_205wwaaxx_taq1_s_2_sequence_28,10,10
epigenomics,map_map_080603_ilmn-ga001_0003_205wwaaxx_taq1_s_2_sequence_29,10,10
epigenomics,map_map_080603_ilmn-ga001_0003_205wwaaxx_taq1_s_2_sequence_3,10,10
epigenomics,map_map_080603_ilmn-ga001_0003_205wwaaxx_taq1_s_2_sequence_30,10,10
epigenomics,map_map_080603_ilmn-ga001_0003_205wwaaxx_taq1_s_2_sequence_31,10,10
epigenomics,map_map_080603_ilmn-ga001_0003_205wwaaxx_taq1_s_2_sequence_32,10,10
epigenomics,map_map_080603_ilmn-ga001_0003_205wwaaxx_taq1_s_2_sequence_33,10,10
epigenomics,map_map_080603_ilmn-ga001_0003_205wwaaxx_taq1_s_2_sequence_34,10,10
epigenomics,map_map_080603_ilmn-ga001_0003_205wwaaxx_taq1_s_2_sequence_4,10,10
epigenomics,map_map_080603_ilmn-ga001_0003_205wwaaxx_taq1_s_2_sequence_5,10,10
epigenomics,map_map_080603_ilmn-ga001_0003_205wwaaxx_taq1_s_2_sequence_6,10,10
epigenomics,map_map_080603_ilmn-ga001_0003_205wwaaxx_taq1_s_2_sequence_7,10,10
epigenomics,map_map_080603_ilmn-ga001_0003_205wwaaxx_taq1_s_2_sequence_8,10,10
epigenomics,map_map_080603_ilmn-ga001_0003_205wwaaxx_taq1_s_2_sequence_9,10,10
epigenomics,sol2sanger_sol2sanger_080603_ilmn-ga001_0003_205wwaaxx_taq1_s_2_sequence_1,10,10
epigenomics,sol2sanger_sol2sanger_080603_ilmn-ga001_0003_205wwaaxx_taq1_s_2_sequence_10,10,10
epigenomics,sol2sanger_sol2sanger_080603_ilmn-ga001_0003_205wwaaxx_taq1_s_2_sequence_11,10,10
epigenomics,sol2sanger_sol2sanger_080603_ilmn-ga001_0003_205wwaaxx_taq1_s_2_sequence_12,10,10
epigenomics,sol2sanger_sol2sanger_080603_ilmn-ga001_0003_205wwaaxx_taq1_s_2_sequence_13,10,10
epigenomics,sol2sanger_sol2sanger_080603_ilmn-ga001_0003_205wwaaxx_taq1_s_2_sequence_14,10,10
epigenomics,sol2sanger_sol2sanger_080603_ilmn-ga001_0003_205wwaaxx_taq1_s_2_sequence_15,10,10
epigenomics,sol2sanger_sol2sanger_080603_ilmn-ga001_0003_205wwaaxx_taq1_s_2_sequence_16,10,10
epigenomics,sol2sanger_sol2sanger_080603_ilmn-ga001_0003_205wwaaxx_taq1_s_2_sequence_17,10,10
epigenomics,sol2sanger_sol2sanger_080603_ilmn-ga001_0003_205wwaaxx_taq1_s_2_sequence_18,10,10
epigenomics,sol2sanger_sol2sanger_080603_ilmn-ga001_0003_205wwaaxx_taq1_s_2_sequence_19,10,10
epigenomics,sol2sanger_sol2sanger_080603_ilmn-ga001_0003_205wwaaxx_taq1_s_2_sequence_2,10,10
epigenomics,sol2sanger_sol2sanger_080603_ilmn-ga001_0003_205wwaaxx_taq1_s_2_sequence_20,10,10
epigenomics,sol2sanger_sol2sanger_080603_ilmn-ga001_0003_205wwaaxx_taq1_s_2_sequence_21,10,10
epigenomics,sol2sanger_sol2sanger_080603_ilmn-ga001_0003_205wwaaxx_taq1_s_2_sequence_22,10,10
epigenomics,sol2sanger_sol2sanger_080603_ilmn-ga001_0003_205wwaaxx_taq1_s_2_sequence_23,10,10
epigenomics,sol2sanger_sol2sanger_080603_ilmn-ga001_0003_205wwaaxx_taq1_s_2_sequence_24,10,10
epigenomics,sol2sanger_sol2sanger_080603_ilmn-ga001_0003_205wwaaxx_taq1_s_2_sequence_25,10,10
epigenomics,sol2sanger_sol2sanger_080603_ilmn-ga001_0003_205wwaaxx_taq1_s_2_sequence_26,10,10
epigenomics,sol2sanger_sol2sanger_080603_ilmn-ga001_0003_205wwaaxx_taq1_s_2_sequence_27,10,10
epigenomics,sol2sanger_sol2sanger_080603_ilmn-ga001_0003_205wwaaxx_taq1_s_2_sequence_28,10,10
epigenomics,sol2sanger_sol2sanger_080603_ilmn-ga001_0003_205wwaaxx_taq1_s_2_sequence_29,10,10
epigenomics,sol2sanger_sol2sanger_080603_ilmn-ga001_0003_205wwaaxx_taq1_s_2_sequence_3,10,10
epigenomics,sol2sanger_sol2sanger_080603_ilmn-ga001_0003_205wwaaxx_taq1_s_2_sequence_30,10,10
epigenomics,sol2sanger_sol2sanger_080603_ilmn-ga001_0003_205wwaaxx_taq1_s_2_sequence_31,10,10
epigenomics,sol2sanger_sol2sanger_080603_ilmn-ga001_0003_205wwaaxx_taq1_s_2_sequence_32,10,10
epigenomics,sol2sanger_sol2sanger_080603_ilmn-ga001_0003_205wwaaxx_taq1_s_2_sequence_33,10,10
epigenomics,sol2sanger_sol2sanger_080603_ilmn-ga001_0003_205wwaaxx_taq1_s_2_sequence_34,10,10
epigenomics,sol2sanger_sol2sanger_080603_ilmn-ga001_0003_205wwaaxx_taq1_s_2_sequence_4,10,10
epigenomics,sol2sanger_sol2sanger_080603_ilmn-ga001_0003_205wwaaxx_taq1_s_2_sequence_5,10,10
epigenomics,sol2sanger_sol2sanger_080603_ilmn-ga001_0003_205wwaaxx_taq1_s_2_sequence_6,10,10
epigenomics,sol2sanger_sol2sanger_080603_ilmn-ga001_0003_205wwaaxx_taq1_s_2_sequence_7,10,10
epigenomics,sol2sanger_sol2sanger_080603_ilmn-ga001_0003_205wwaaxx_taq1_s_2_sequence_8,10,10
epigenomics,sol2sanger_sol2sanger_080603_ilmn-ga001_0003_205wwaaxx_taq1_s_2_sequence_9,10,10
epigenomics,fast2bfq_fast2bfq_hep2_msp1_digests_s_4_sequence_1,8,8
epigenomics,fast2bfq_fast2bfq_hep2_msp1_digests_s_4_sequence_10,8,8
epigenomics,fast2bfq_fast2bfq_hep2_msp1_digests_s_4_sequence_11,8,8
epigenomics,fast2bfq_fast2bfq_hep2_msp1_digests_s_4_sequence_12,8,8
epigenomics,fast2bfq_fast2bfq_hep2_msp1_digests_s_4_sequence_13,8,8
epigenomics,fast2bfq_fast2bfq_hep2_msp1_digests_s_4_sequence_14,8,8
epigenomics,fast2bfq_fast2bfq_hep2_msp1_digests_s_4_sequence_15,8,8
epigenomics,fast2bfq_fast2bfq_hep2_msp1_digests_s_4_sequence_16,8,8
epigenomics,fast2bfq_fast2bfq_hep2_msp1_digests_s_4_sequence_17,8,8
epigenomics,fast2bfq_fast2bfq_hep2_msp1_digests_s_4_sequence_18,8,8
epigenomics,fast2bfq_fast2bfq_hep2_msp1_digests_s_4_sequence_19,8,8
epigenomics,fast2bfq_fast2bfq_hep2_msp1_digests_s_4_sequence_2,8,8
epigenomics,fast2bfq_fast2bfq_hep2_msp1_digests_s_4_sequence_20,8,8
epigenomics,fast2bfq_fast2bfq_hep2_msp1_digests_s_4_sequence_21,8,8
epigenomics,fast2bfq_fast2bfq_hep2_msp1_digests_s_4_sequence_22,8,8
epigenomics,fast2bfq_fast2bfq_hep2_msp1_digests_s_4_sequence_23,8,8
epigenomics,fast2bfq_fast2bfq_hep2_msp1_digests_s_4_sequence_24,8,8
epigenomics,fast2bfq_fast2bfq_hep2_msp1_digests_s_4_sequence_25,8,8
epigenomics,fast2bfq_fast2bfq_hep2_msp1_digests_s_4_sequence_26,8,8
epigenomics,fast2bfq_fast2bfq_hep2_msp1_digests_s_4_sequence_27,8,8
epigenomics,fast2bfq_fast2bfq_hep2_msp1_digests_s_4_sequence_28,8,8
epigenomics,fast2bfq_fast2bfq_hep2_msp1_digests_s_4_sequence_3,8,8
epigenomics,fast2bfq_fast2bfq_hep2_msp1_digests_s_4_sequence_4,8,8
epigenomics,fast2bfq_fast2bfq_hep2_msp1_digests_s_4_sequence_5,8,8
epigenomics,fast2bfq_fast2bfq_hep2_msp1_digests_s_4_sequence_6,8,8
epigenomics,fast2bfq_fast2bfq_hep2_msp1_digests_s_4_sequence_7,8,8
epigenomics,fast2bfq_fast2bfq_hep2_msp1_digests_s_4_sequence_8,8,8
epigenomics,fast2bfq_fast2bfq_hep2_msp1_digests_s_4_sequence_9,8,8
epigenomics,filtercontams_filtercontams_hep2_msp1_digests_s_4_sequence_1,8,8
epigenomics,filtercontams_filtercontams_hep2_msp1_digests_s_4_sequence_10,8,8
epigenomics,filtercontams_filtercontams_hep2_msp1_digests_s_4_sequence_11,8,8
epigenomics,filtercontams_filtercontams_hep2_msp1_digests_s_4_sequence_12,8,8
epigenomics,filtercontams_filtercontams_hep2_msp1_digests_s_4_sequence_13,8,8
epigenomics,filtercontams_filtercontams_hep2_msp1_digests_s_4_sequence_14,8,8
epigenomics,filtercontams_filtercontams_hep2_msp1_digests_s_4_sequence_15,8,8
epigenomics,filtercontams_filtercontams_hep2_msp1_digests_s_4_sequence_16,8,8
epigenomics,filtercontams_filtercontams_hep2_msp1_digests_s_4_sequence_17,8,8
epigenomics,filtercontams_filtercontams_hep2_msp1_digests_s_4_sequence_18,8,8
epigenomics,filtercontams_filtercontams_hep2_msp1_digests_s_4_sequence_19,8,8
epigenomics,filtercontams_filtercontams_hep2_msp1_digests_s_4_sequence_2,8,8
epigenomics,filtercontams_filtercontams_hep2_msp1_digests_s_4_sequence_20,8,8
epigenomics,filtercontams_filtercontams_hep2_msp1_digests_s_4_sequence_21,8,8
epigenomics,filtercontams_filtercontams_hep2_msp1_digests_s_4_sequence_22,8,8
epigenomics,filtercontams_filtercontams_hep2_msp1_digests_s_4_sequence_23,8,8
epigenomics,filtercontams_filtercontams_hep2_msp1_digests_s_4_sequence_24,8,8
epigenomics,filtercontams_filtercontams_hep2_msp1_digests_s_4_sequence_25,8,8
epigenomics,filtercontams_filtercontams_hep2_msp1_digests_s_4_sequence_26,8,8
epigenomics,filtercontams_filtercontams_hep2_msp1_digests_s_4_sequence_27,8,8
epigenomics,filtercontams_filtercontams_hep2_msp1_digests_s_4_sequence_28,8,8
epigenomics,filtercontams_filtercontams_hep2_msp1_digests_s_4_sequence_3,8,8
epigenomics,filtercontams_filtercontams_hep2_msp1_digests_s_4_sequence_4,8,8
epigenomics,filtercontams_filtercontams_hep2_msp1_digests_s_4_sequence_5,8,8
epigenomics,filtercontams_filtercontams_hep2_msp1_digests_s_4_sequence_6,8,8
epigenomics,filtercontams_filtercontams_hep2_msp1_digests_s_4_sequence_7,8,8
epigenomics,filtercontams_filtercontams_hep2_msp1_digests_s_4_sequence_8,8,8
epigenomics,filtercontams_filtercontams_hep2_msp1_digests_s_4_sequence_9,8,8
epigenomics,map_map_hep2_msp1_digests_s_4_sequence_1,8,8
epigenomics,map_map_hep2_msp1_digests_s_4_sequence_10,8,8
epigenomics,map_map_hep2_msp1_digests_s_4_sequence_11,8,8
epigenomics,map_map_hep2_msp1_digests_s_4_sequence_12,8,8
epigenomics,map_map_hep2_msp1_digests_s_4_sequence_13,8,8
epigenomics,map_map_hep2_msp1_digests_s_4_sequence_14,8,8
epigenomics,map_map_hep2_msp1_digests_s_4_sequence_15,8,8
epigenomics,map_map_hep2_msp1_digests_s_4_sequence_16,8,8
epigenomics,map_map_hep2_msp1_digests_s_4_sequence_17,8,8
epigenomics,map_map_hep2_msp1_digests_s_4_sequence_18,8,8
epigenomics,map_map_hep2_msp1_digests_s_4_sequence_19,8,8
epigenomics,map_map_hep2_msp1_digests_s_4_sequence_2,8,8
epigenomics,map_map_hep2_msp1_digests_s_4_sequence_20,8,8
epigenomics,map_map_hep2_msp1_digests_s_4_sequence_21,8,8
epigenomics,map_map_hep2_msp1_digests_s_4_sequence_22,8,8
epigenomics,map_map_hep2_msp1_digests_s_4_sequence_23,8,8
epigenomics,map_map_hep2_msp1_digests_s_4_sequence_24,8,8
epigenomics,map_map_hep2_msp1_digests_s_4_sequence_25,8,8
epigenomics,map_map_hep2_msp1_digests_s_4_sequence_26,8,8
epigenomics,map_map_hep2_msp1_digests_s_4_sequence_27,8,8
epigenomics,map_map_hep2_msp1_digests_s_4_sequence_28,8,8
epigenomics,map_map_hep2_msp1_digests_s_4_sequence_3,8,8
epigenomics,map_map_hep2_msp1_digests_s_4_sequence_4,8,8
epigenomics,map_map_hep2_msp1_digests_s_4_sequence_5,8,8
epigenomics,map_map_hep2_msp1_digests_s_4_sequence_6,8,8
epigenomics,map_map_hep2_msp1_digests_s_4_sequence_7,8,8
epigenomics,map_map_hep2_msp1_digests_s_4_sequence_8,8,8
epigenomics,map_map_hep2_msp1_digests_s_4_sequence_9,8,8
epigenomics,sol2sanger_sol2sanger_hep2_msp1_digests_s_4_sequence_1,8,8
epigenomics,sol2sanger_sol2sanger_hep2_msp1_digests_s_4_sequence_10,8,8
epigenomics,sol2sanger_sol2sanger_hep2_msp1_digests_s_4_sequence_11,8,8
epigenomics,sol2sanger_sol2sanger_hep2_msp1_digests_s_4_sequence_12,8,8
epigenomics,sol2sanger_sol2sanger_hep2_msp1_digests_s_4_sequence_13,8,8
epigenomics,sol2sanger_sol2sanger_hep2_msp1_digests_s_4_sequence_14,8,8
epigenomics,sol2sanger_sol2sanger_hep2_msp1_digests_s_4_sequence_15,8,8
epigenomics,sol2sanger_sol2sanger_hep2_msp1_digests_s_4_sequence_16,8,8
epigenomics,sol2sanger_sol2sanger_hep2_msp1_digests_s_4_sequence_17,8,8
epigenomics,sol2sanger_sol2sanger_hep2_msp1_digests_s_4_sequence_18,8,8
epigenomics,sol2sanger_sol2sanger_hep2_msp1_digests_s_4_sequence_19,8,8
epigenomics,sol2sanger_sol2sanger_hep2_msp1_digests_s_4_sequence_2,8,8
epigenomics,sol2sanger_sol2sanger_hep2_msp1_digests_s_4_sequence_20,8,8
epigenomics,sol2sanger_sol2sanger_hep2_msp1_digests_s_4_sequence_21,8,8
epigenomics,sol2sanger_sol2sanger_hep2_msp1_digests_s_4_sequence_22,8,8
epigenomics,sol2sanger_sol2sanger_hep2_msp1_digests_s_4_sequence_23,8,8
epigenomics,sol2sanger_sol2sanger_hep2_msp1_digests_s_4_sequence_24,8,8
epigenomics,sol2sanger_sol2sanger_hep2_msp1_digests_s_4_sequence_25,8,8
epigenomics,sol2sanger_sol2sanger_hep2_msp1_digests_s_4_sequence_26,8,8
epigenomics,sol2sanger_sol2sanger_hep2_msp1_digests_s_4_sequence_27,8,8
epigenomics,sol2sanger_sol2sanger_hep2_msp1_digests_s_4_sequence_28,8,8
epigenomics,sol2sanger_sol2sanger_hep2_msp1_digests_s_4_sequence_3,8,8
epigenomics,sol2sanger_sol2sanger_hep2_msp1_digests_s_4_sequence_4,8,8
epigenomics,sol2sanger_sol2sanger_hep2_msp1_digests_s_4_sequence_5,8,8
epigenomics,sol2sanger_sol2sanger_hep2_msp1_digests_s_4_sequence_6,8,8
epigenomics,sol2sanger_sol2sanger_hep2_msp1_digests_s_4_sequence_7,8,8
epigenomics,sol2sanger_sol2sanger_hep2_msp1_digests_s_4_sequence_8,8,8
epigenomics,sol2sanger_sol2sanger_hep2_msp1_digests_s_4_sequence_9,8,8
epigenomics,fast2bfq_fast2bfq_080603_ilmn-ga001_0003_205wwaaxx_taq1_s_3_sequence_1,8,8
epigenomics,fast2bfq_fast2bfq_080603_ilmn-ga001_0003_205wwaaxx_taq1_s_3_sequence_10,8,8
epigenomics,fast2bfq_fast2bfq_080603_ilmn-ga001_0003_205wwaaxx_taq1_s_3_sequence_11,8,8
epigenomics,fast2bfq_fast2bfq_080603_ilmn-ga001_0003_205wwaaxx_taq1_s_3_sequence_12,8,8
epigenomics,fast2bfq_fast2bfq_080603_ilmn-ga001_0003_205wwaaxx_taq1_s_3_sequence_13,8,8
epigenomics,fast2bfq_fast2bfq_080603_ilmn-ga001_0003_205wwaaxx_taq1_s_3_sequence_14,8,8
epigenomics,fast2bfq_fast2bfq_080603_ilmn-ga001_0003_205wwaaxx_taq1_s_3_sequence_15,8,8
epigenomics,fast2bfq_fast2bfq_080603_ilmn-ga001_0003_205wwaaxx_taq1_s_3_sequence_16,8,8
epigenomics,fast2bfq_fast2bfq_080603_ilmn-ga001_0003_205wwaaxx_taq1_s_3_sequence_17,8,8
epigenomics,fast2bfq_fast2bfq_080603_ilmn-ga001_0003_205wwaaxx_taq1_s_3_sequence_18,8,8
epigenomics,fast2bfq_fast2bfq_080603_ilmn-ga001_0003_205wwaaxx_taq1_s_3_sequence_19,8,8
epigenomics,fast2bfq_fast2bfq_080603_ilmn-ga001_0003_205wwaaxx_taq1_s_3_sequence_2,8,8
epigenomics,fast2bfq_fast2bfq_080603_ilmn-ga001_0003_205wwaaxx_taq1_s_3_sequence_20,8,8
epigenomics,fast2bfq_fast2bfq_080603_ilmn-ga001_0003_205wwaaxx_taq1_s_3_sequence_21,8,8
epigenomics,fast2bfq_fast2bfq_080603_ilmn-ga001_0003_205wwaaxx_taq1_s_3_sequence_22,8,8
epigenomics,fast2bfq_fast2bfq_080603_ilmn-ga001_0003_205wwaaxx_taq1_s_3_sequence_23,8,8
epigenomics,fast2bfq_fast2bfq_080603_ilmn-ga001_0003_205wwaaxx_taq1_s_3_sequence_24,8,8
epigenomics,fast2bfq_fast2bfq_080603_ilmn-ga001_0003_205wwaaxx_taq1_s_3_sequence_25,8,8
epigenomics,fast2bfq_fast2bfq_080603_ilmn-ga001_0003_205wwaaxx_taq1_s_3_sequence_26,8,8
epigenomics,fast2bfq_fast2bfq_080603_ilmn-ga001_0003_205wwaaxx_taq1_s_3_sequence_27,8,8
epigenomics,fast2bfq_fast2bfq_080603_ilmn-ga001_0003_205wwaaxx_taq1_s_3_sequence_28,8,8
epigenomics,fast2bfq_fast2bfq_080603_ilmn-ga001_0003_205wwaaxx_taq1_s_3_sequence_29,8,8
epigenomics,fast2bfq_fast2bfq_080603_ilmn-ga001_0003_205wwaaxx_taq1_s_3_sequence_3,8,8
epigenomics,fast2bfq_fast2bfq_080603_ilmn-ga001_0003_205wwaaxx_taq1_s_3_sequence_30,8,8
epigenomics,fast2bfq_fast2bfq_080603_ilmn-ga001_0003_205wwaaxx_taq1_s_3_sequence_31,8,8
epigenomics,fast2bfq_fast2bfq_080603_ilmn-ga001_0003_205wwaaxx_taq1_s_3_sequence_32,8,8
epigenomics,fast2bfq_fast2bfq_080603_ilmn-ga001_0003_205wwaaxx_taq1_s_3_sequence_33,8,8
epigenomics,fast2bfq_fast2bfq_080603_ilmn-ga001_0003_205wwaaxx_taq1_s_3_sequence_34,8,8
epigenomics,fast2bfq_fast2bfq_080603_ilmn-ga001_0003_205wwaaxx_taq1_s_3_sequence_35,8,8
epigenomics,fast2bfq_fast2bfq_080603_ilmn-ga001_0003_205wwaaxx_taq1_s_3_sequence_4,8,8
epigenomics,fast2bfq_fast2bfq_080603_ilmn-ga001_0003_205wwaaxx_taq1_s_3_sequence_5,8,8
epigenomics,fast2bfq_fast2bfq_080603_ilmn-ga001_0003_205wwaaxx_taq1_s_3_sequence_6,8,8
epigenomics,fast2bfq_fast2bfq_080603_ilmn-ga001_0003_205wwaaxx_taq1_s_3_sequence_7,8,8
epigenomics,fast2bfq_fast2bfq_080603_ilmn-ga001_0003_205wwaaxx_taq1_s_3_sequence_8,8,8
epigenomics,fast2bfq_fast2bfq_080603_ilmn-ga001_0003_205wwaaxx_taq1_s_3_sequence_9,8,8
epigenomics,filtercontams_filtercontams_080603_ilmn-ga001_0003_205wwaaxx_taq1_s_3_sequence_1,8,8
epigenomics,filtercontams_filtercontams_080603_ilmn-ga001_0003_205wwaaxx_taq1_s_3_sequence_10,8,8
epigenomics,filtercontams_filtercontams_080603_ilmn-ga001_0003_205wwaaxx_taq1_s_3_sequence_11,8,8
epigenomics,filtercontams_filtercontams_080603_ilmn-ga001_0003_205wwaaxx_taq1_s_3_sequence_12,8,8
epigenomics,filtercontams_filtercontams_080603_ilmn-ga001_0003_205wwaaxx_taq1_s_3_sequence_13,8,8
epigenomics,filtercontams_filtercontams_080603_ilmn-ga001_0003_205wwaaxx_taq1_s_3_sequence_14,8,8
epigenomics,filtercontams_filtercontams_080603_ilmn-ga001_0003_205wwaaxx_taq1_s_3_sequence_15,8,8
epigenomics,filtercontams_filtercontams_080603_ilmn-ga001_0003_205wwaaxx_taq1_s_3_sequence_16,8,8
epigenomics,filtercontams_filtercontams_080603_ilmn-ga001_0003_205wwaaxx_taq1_s_3_sequence_17,8,8
epigenomics,filtercontams_filtercontams_080603_ilmn-ga001_0003_205wwaaxx_taq1_s_3_sequence_18,8,8
epigenomics,filtercontams_filtercontams_080603_ilmn-ga001_0003_205wwaaxx_taq1_s_3_sequence_19,8,8
epigenomics,filtercontams_filtercontams_080603_ilmn-ga001_0003_205wwaaxx_taq1_s_3_sequence_2,8,8
epigenomics,filtercontams_filtercontams_080603_ilmn-ga001_0003_205wwaaxx_taq1_s_3_sequence_20,8,8
epigenomics,filtercontams_filtercontams_080603_ilmn-ga001_0003_205wwaaxx_taq1_s_3_sequence_21,8,8
epigenomics,filtercontams_filtercontams_080603_ilmn-ga001_0003_205wwaaxx_taq1_s_3_sequence_22,8,8
epigenomics,filtercontams_filtercontams_080603_ilmn-ga001_0003_205wwaaxx_taq1_s_3_sequence_23,8,8
epigenomics,filtercontams_filtercontams_080603_ilmn-ga001_0003_205wwaaxx_taq1_s_3_sequence_24,8,8
epigenomics,filtercontams_filtercontams_080603_ilmn-ga001_0003_205wwaaxx_taq1_s_3_sequence_25,8,8
epigenomics,filtercontams_filtercontams_080603_ilmn-ga001_0003_205wwaaxx_taq1_s_3_sequence_26,8,8
epigenomics,filtercontams_filtercontams_080603_ilmn-ga001_0003_205wwaaxx_taq1_s_3_sequence_27,8,8
epigenomics,filtercontams_filtercontams_080603_ilmn-ga001_0003_205wwaaxx_taq1_s_3_sequence_28,8,8
epigenomics,filtercontams_filtercontams_080603_ilmn-ga001_0003_205wwaaxx_taq1_s_3_sequence_29,8,8
epigenomics,filtercontams_filtercontams_080603_ilmn-ga001_0003_205wwaaxx_taq1_s_3_sequence_3,8,8
epigenomics,filtercontams_filtercontams_080603_ilmn-ga001_0003_205wwaaxx_taq1_s_3_sequence_30,8,8
epigenomics,filtercontams_filtercontams_080603_ilmn-ga001_0003_205wwaaxx_taq1_s_3_sequence_31,8,8
epigenomics,filtercontams_filtercontams_080603_ilmn-ga001_0003_205wwaaxx_taq1_s_3_sequence_32,8,8
epigenomics,filtercontams_filtercontams_080603_ilmn-ga001_0003_205wwaaxx_taq1_s_3_sequence_33,8,8
epigenomics,filtercontams_filtercontams_080603_ilmn-ga001_0003_205wwaaxx_taq1_s_3_sequence_34,8,8
epigenomics,filtercontams_filtercontams_080603_ilmn-ga001_0003_205wwaaxx_taq1_s_3_sequence_35,8,8
epigenomics,filtercontams_filtercontams_080603_ilmn-ga001_0003_205wwaaxx_taq1_s_3_sequence_4,8,8
epigenomics,filtercontams_filtercontams_080603_ilmn-ga001_0003_205wwaaxx_taq1_s_3_sequence_5,8,8
epigenomics,filtercontams_filtercontams_080603_ilmn-ga001_0003_205wwaaxx_taq1_s_3_sequence_6,8,8
epigenomics,filtercontams_filtercontams_080603_ilmn-ga001_0003_205wwaaxx_taq1_s_3_sequence_7,8,8
epigenomics,filtercontams_filtercontams_080603_ilmn-ga001_0003_205wwaaxx_taq1_s_3_sequence_8,8,8
epigenomics,filtercontams_filtercontams_080603_ilmn-ga001_0003_205wwaaxx_taq1_s_3_sequence_9,8,8
epigenomics,map_map_080603_ilmn-ga001_0003_205wwaaxx_taq1_s_3_sequence_1,8,8
epigenomics,map_map_080603_ilmn-ga001_0003_205wwaaxx_taq1_s_3_sequence_10,8,8
epigenomics,map_map_080603_ilmn-ga001_0003_205wwaaxx_taq1_s_3_sequence_11,8,8
epigenomics,map_map_080603_ilmn-ga001_0003_205wwaaxx_taq1_s_3_sequence_12,8,8
epigenomics,map_map_080603_ilmn-ga001_0003_205wwaaxx_taq1_s_3_sequence_13,8,8
epigenomics,map_map_080603_ilmn-ga001_0003_205wwaaxx_taq1_s_3_sequence_14,8,8
epigenomics,map_map_080603_ilmn-ga001_0003_205wwaaxx_taq1_s_3_sequence_15,8,8
epigenomics,map_map_080603_ilmn-ga001_0003_205wwaaxx_taq1_s_3_sequence_16,8,8
epigenomics,map_map_080603_ilmn-ga001_0003_205wwaaxx_taq1_s_3_sequence_17,8,8
epigenomics,map_map_080603_ilmn-ga001_0003_205wwaaxx_taq1_s_3_sequence_18,8,8
epigenomics,map_map_080603_ilmn-ga001_0003_205wwaaxx_taq1_s_3_sequence_19,8,8
epigenomics,map_map_080603_ilmn-ga001_0003_205wwaaxx_taq1_s_3_sequence_2,8,8
epigenomics,map_map_080603_ilmn-ga001_0003_205wwaaxx_taq1_s_3_sequence_20,8,8
epigenomics,map_map_080603_ilmn-ga001_0003_205wwaaxx_taq1_s_3_sequence_21,8,8
epigenomics,map_map_080603_ilmn-ga001_0003_205wwaaxx_taq1_s_3_sequence_22,8,8
epigenomics,map_map_080603_ilmn-ga001_0003_205wwaaxx_taq1_s_3_sequence_23,8,8
epigenomics,map_map_080603_ilmn-ga001_0003_205wwaaxx_taq1_s_3_sequence_24,8,8
epigenomics,map_map_080603_ilmn-ga001_0003_205wwaaxx_taq1_s_3_sequence_25,8,8
epigenomics,map_map_080603_ilmn-ga001_0003_205wwaaxx_taq1_s_3_sequence_26,8,8
epigenomics,map_map_080603_ilmn-ga001_0003_205wwaaxx_taq1_s_3_sequence_27,8,8
epigenomics,map_map_080603_ilmn-ga001_0003_205wwaaxx_taq1_s_3_sequence_28,8,8
epigenomics,map_map_080603_ilmn-ga001_0003_205wwaaxx_taq1_s_3_sequence_29,8,8
epigenomics,map_map_080603_ilmn-ga001_0003_205wwaaxx_taq1_s_3_sequence_3,8,8
epigenomics,map_map_080603_ilmn-ga001_0003_205wwaaxx_taq1_s_3_sequence_30,8,8
epigenomics,map_map_080603_ilmn-ga001_0003_205wwaaxx_taq1_s_3_sequence_31,8,8
epigenomics,map_map_080603_ilmn-ga001_0003_205wwaaxx_taq1_s_3_sequence_32,8,8
epigenomics,map_map_080603_ilmn-ga001_0003_205wwaaxx_taq1_s_3_sequence_33,8,8
epigenomics,map_map_080603_ilmn-ga001_0003_205wwaaxx_taq1_s_3_sequence_34,8,8
epigenomics,map_map_080603_ilmn-ga001_0003_205wwaaxx_taq1_s_3_sequence_35,8,8
epigenomics,map_map_080603_ilmn-ga001_0003_205wwaaxx_taq1_s_3_sequence_4,8,8
epigenomics,map_map_080603_ilmn-ga001_0003_205wwaaxx_taq1_s_3_sequence_5,8,8
epigenomics,map_map_080603_ilmn-ga001_0003_205wwaaxx_taq1_s_3_sequence_6,8,8
epigenomics,map_map_080603_ilmn-ga001_0003_205wwaaxx_taq1_s_3_sequence_7,8,8
epigenomics,map_map_080603_ilmn-ga001_0003_205wwaaxx_taq1_s_3_sequence_8,8,8
epigenomics,map_map_080603_ilmn-ga001_0003_205wwaaxx_taq1_s_3_sequence_9,8,8
epigenomics,sol2sanger_sol2sanger_080603_ilmn-ga001_0003_205wwaaxx_taq1_s_3_sequence_1,8,8
epigenomics,sol2sanger_sol2sanger_080603_ilmn-ga001_0003_205wwaaxx_taq1_s_3_sequence_10,8,8
epigenomics,sol2sanger_sol2sanger_080603_ilmn-ga001_0003_205wwaaxx_taq1_s_3_sequence_11,8,8
epigenomics,sol2sanger_sol2sanger_080603_ilmn-ga001_0003_205wwaaxx_taq1_s_3_sequence_12,8,8
epigenomics,sol2sanger_sol2sanger_080603_ilmn-ga001_0003_205wwaaxx_taq1_s_3_sequence_13,8,8
epigenomics,sol2sanger_sol2sanger_080603_ilmn-ga001_0003_205wwaaxx_taq1_s_3_sequence_14,8,8
epigenomics,sol2sanger_sol2sanger_080603_ilmn-ga001_0003_205wwaaxx_taq1_s_3_sequence_15,8,8
epigenomics,sol2sanger_sol2sanger_080603_ilmn-ga001_0003_205wwaaxx_taq1_s_3_sequence_16,8,8
epigenomics,sol2sanger_sol2sanger_080603_ilmn-ga001_0003_205wwaaxx_taq1_s_3_sequence_17,8,8
epigenomics,sol2sanger_sol2sanger_080603_ilmn-ga001_0003_205wwaaxx_taq1_s_3_sequence_18,8,8
epigenomics,sol2sanger_sol2sanger_080603_ilmn-ga001_0003_205wwaaxx_taq1_s_3_sequence_19,8,8
epigenomics,sol2sanger_sol2sanger_080603_ilmn-ga001_0003_205wwaaxx_taq1_s_3_sequence_2,8,8
epigenomics,sol2sanger_sol2sanger_080603_ilmn-ga001_0003_205wwaaxx_taq1_s_3_sequence_20,8,8
epigenomics,sol2sanger_sol2sanger_080603_ilmn-ga001_0003_205wwaaxx_taq1_s_3_sequence_21,8,8
epigenomics,sol2sanger_sol2sanger_080603_ilmn-ga001_0003_205wwaaxx_taq1_s_3_sequence_22,8,8
epigenomics,sol2sanger_sol2sanger_080603_ilmn-ga001_0003_205wwaaxx_taq1_s_3_sequence_23,8,8
epigenomics,sol2sanger_sol2sanger_080603_ilmn-ga001_0003_205wwaaxx_taq1_s_3_sequence_24,8,8
epigenomics,sol2sanger_sol2sanger_080603_ilmn-ga001_0003_205wwaaxx_taq1_s_3_sequence_25,8,8
epigenomics,sol2sanger_sol2sanger_080603_ilmn-ga001_0003_205wwaaxx_taq1_s_3_sequence_26,8,8
epigenomics,sol2sanger_sol2sanger_080603_ilmn-ga001_0003_205wwaaxx_taq1_s_3_sequence_27,8,8
epigenomics,sol2sanger_sol2sanger_080603_ilmn-ga001_0003_205wwaaxx_taq1_s_3_sequence_28,8,8
epigenomics,sol2sanger_sol2sanger_080603_ilmn-ga001_0003_205wwaaxx_taq1_s_3_sequence_29,8,8
epigenomics,sol2sanger_sol2sanger_080603_ilmn-ga001_0003_205wwaaxx_taq1_s_3_sequence_3,8,8
epigenomics,sol2sanger_sol2sanger_080603_ilmn-ga001_0003_205wwaaxx_taq1_s_3_sequence_30,8,8
epigenomics,sol2sanger_sol2sanger_080603_ilmn-ga001_0003_205wwaaxx_taq1_s_3_sequence_31,8,8
epigenomics,sol2sanger_sol2sanger_080603_ilmn-ga001_0003_205wwaaxx_taq1_s_3_sequence_32,8,8
epigenomics,sol2sanger_sol2sanger_080603_ilmn-ga001_0003_205wwaaxx_taq1_s_3_sequence_33,8,8
epigenomics,sol2sanger_sol2sanger_080603_ilmn-ga001_0003_205wwaaxx_taq1_s_3_sequence_34,8,8
epigenomics,sol2sanger_sol2sanger_080603_ilmn-ga001_0003_205wwaaxx_taq1_s_3_sequence_35,8,8
epigenomics,sol2sanger_sol2sanger_080603_ilmn-ga001_0003_205wwaaxx_taq1_s_3_sequence_4,8,8
epigenomics,sol2sanger_sol2sanger_080603_ilmn-ga001_0003_205wwaaxx_taq1_s_3_sequence_5,8,8
epigenomics,sol2sanger_sol2sanger_080603_ilmn-ga001_0003_205wwaaxx_taq1_s_3_sequence_6,8,8
epigenomics,sol2sanger_sol2sanger_080603_ilmn-ga001_0003_205wwaaxx_taq1_s_3_sequence_7,8,8
epigenomics,sol2sanger_sol2sanger_080603_ilmn-ga001_0003_205wwaaxx_taq1_s_3_sequence_8,8,8
epigenomics,sol2sanger_sol2sanger_080603_ilmn-ga001_0003_205wwaaxx_taq1_s_3_sequence_9,8,8
epigenomics,fast2bfq_fast2bfq_hep2_msp1_digests_s_1_sequence_10,7,7
epigenomics,fast2bfq_fast2bfq_hep2_msp1_digests_s_1_sequence_11,7,7
epigenomics,fast2bfq_fast2bfq_hep2_msp1_digests_s_1_sequence_12,7,7
epigenomics,fast2bfq_fast2bfq_hep2_msp1_digests_s_1_sequence_13,7,7
epigenomics,fast2bfq_fast2bfq_hep2_msp1_digests_s_1_sequence_14,7,7
epigenomics,fast2bfq_fast2bfq_hep2_msp1_digests_s_1_sequence_15,7,7
epigenomics,fast2bfq_fast2bfq_hep2_msp1_digests_s_1_sequence_16,7,7
epigenomics,fast2bfq_fast2bfq_hep2_msp1_digests_s_1_sequence_17,7,7
epigenomics,filtercontams_filtercontams_hep2_msp1_digests_s_1_sequence_10,7,7
epigenomics,filtercontams_filtercontams_hep2_msp1_digests_s_1_sequence_11,7,7
epigenomics,filtercontams_filtercontams_hep2_msp1_digests_s_1_sequence_12,7,7
epigenomics,filtercontams_filtercontams_hep2_msp1_digests_s_1_sequence_13,7,7
epigenomics,filtercontams_filtercontams_hep2_msp1_digests_s_1_sequence_14,7,7
epigenomics,filtercontams_filtercontams_hep2_msp1_digests_s_1_sequence_15,7,7
epigenomics,filtercontams_filtercontams_hep2_msp1_digests_s_1_sequence_16,7,7
epigenomics,filtercontams_filtercontams_hep2_msp1_digests_s_1_sequence_17,7,7
epigenomics,map_map_hep2_msp1_digests_s_1_sequence_10,7,7
epigenomics,map_map_hep2_msp1_digests_s_1_sequence_11,7,7
epigenomics,map_map_hep2_msp1_digests_s_1_sequence_12,7,7
epigenomics,map_map_hep2_msp1_digests_s_1_sequence_13,7,7
epigenomics,map_map_hep2_msp1_digests_s_1_sequence_14,7,7
epigenomics,map_map_hep2_msp1_digests_s_1_sequence_15,7,7
epigenomics,map_map_hep2_msp1_digests_s_1_sequence_16,7,7
epigenomics,map_map_hep2_msp1_digests_s_1_sequence_17,7,7
epigenomics,sol2sanger_sol2sanger_hep2_msp1_digests_s_1_sequence_10,7,7
epigenomics,sol2sanger_sol2sanger_hep2_msp1_digests_s_1_sequence_11,7,7
epigenomics,sol2sanger_sol2sanger_hep2_msp1_digests_s_1_sequence_12,7,7
epigenomics,sol2sanger_sol2sanger_hep2_msp1_digests_s_1_sequence_13,7,7
epigenomics,sol2sanger_sol2sanger_hep2_msp1_digests_s_1_sequence_14,7,7
epigenomics,sol2sanger_sol2sanger_hep2_msp1_digests_s_1_sequence_15,7,7
epigenomics,sol2sanger_sol2sanger_hep2_msp1_digests_s_1_sequence_16,7,7
epigenomics,sol2sanger_sol2sanger_hep2_msp1_digests_s_1_sequence_17,7,7
epigenomics,fast2bfq_fast2bfq_hep2_msp1_digests_s_2_sequence_20,6,6
epigenomics,fast2bfq_fast2bfq_hep2_msp1_digests_s_2_sequence_21,6,6
epigenomics,fast2bfq_fast2bfq_hep2_msp1_digests_s_2_sequence_22,6,6
epigenomics,fast2bfq_fast2bfq_hep2_msp1_digests_s_2_sequence_23,6,6
epigenomics,fast2bfq_fast2bfq_hep2_msp1_digests_s_2_sequence_24,6,6
epigenomics,fast2bfq_fast2bfq_hep2_msp1_digests_s_2_sequence_25,6,6
epigenomics,fast2bfq_fast2bfq_hep2_msp1_digests_s_2_sequence_26,6,6
epigenomics,fast2bfq_fast2bfq_hep2_msp1_digests_s_2_sequence_27,6,6
epigenomics,fast2bfq_fast2bfq_hep2_msp1_digests_s_2_sequence_28,6,6
epigenomics,fast2bfq_fast2bfq_hep2_msp1_digests_s_2_sequence_29,6,6
epigenomics,fast2bfq_fast2bfq_hep2_msp1_digests_s_2_sequence_30,6,6
epigenomics,fast2bfq_fast2bfq_hep2_msp1_digests_s_2_sequence_31,6,6
epigenomics,fast2bfq_fast2bfq_hep2_msp1_digests_s_2_sequence_32,6,6
epigenomics,fast2bfq_fast2bfq_hep2_msp1_digests_s_2_sequence_33,6,6
epigenomics,fast2bfq_fast2bfq_hep2_msp1_digests_s_2_sequence_34,6,6
epigenomics,fast2bfq_fast2bfq_hep2_msp1_digests_s_2_sequence_35,6,6
epigenomics,fast2bfq_fast2bfq_hep2_msp1_digests_s_2_sequence_36,6,6
epigenomics,fast2bfq_fast2bfq_hep2_msp1_digests_s_2_sequence_37,6,6
epigenomics,filtercontams_filtercontams_hep2_msp1_digests_s_2_sequence_20,6,6
epigenomics,filtercontams_filtercontams_hep2_msp1_digests_s_2_sequence_21,6,6
epigenomics,filtercontams_filtercontams_hep2_msp1_digests_s_2_sequence_22,6,6
epigenomics,filtercontams_filtercontams_hep2_msp1_digests_s_2_sequence_23,6,6
epigenomics,filtercontams_filtercontams_hep2_msp1_digests_s_2_sequence_24,6,6
epigenomics,filtercontams_filtercontams_hep2_msp1_digests_s_2_sequence_25,6,6
epigenomics,filtercontams_filtercontams_hep2_msp1_digests_s_2_sequence_26,6,6
epigenomics,filtercontams_filtercontams_hep2_msp1_digests_s_2_sequence_27,6,6
epigenomics,filtercontams_filtercontams_hep2_msp1_digests_s_2_sequence_28,6,6
epigenomics,filtercontams_filtercontams_hep2_msp1_digests_s_2_sequence_29,6,6
epigenomics,filtercontams_filtercontams_hep2_msp1_digests_s_2_sequence_30,6,6
epigenomics,filtercontams_filtercontams_hep2_msp1_digests_s_2_sequence_31,6,6
epigenomics,filtercontams_filtercontams_hep2_msp1_digests_s_2_sequence_32,6,6
epigenomics,filtercontams_filtercontams_hep2_msp1_digests_s_2_sequence_33,6,6
epigenomics,filtercontams_filtercontams_hep2_msp1_digests_s_2_sequence_34,6,6
epigenomics,filtercontams_filtercontams_hep2_msp1_digests_s_2_sequence_35,6,6
epigenomics,filtercontams_filtercontams_hep2_msp1_digests_s_2_sequence_36,6,6
epigenomics,filtercontams_filtercontams_hep2_msp1_digests_s_2_sequence_37,6,6
epigenomics,map_map_hep2_msp1_digests_s_2_sequence_20,6,6
epigenomics,map_map_hep2_msp1_digests_s_2_sequence_21,6,6
epigenomics,map_map_hep2_msp1_digests_s_2_sequence_22,6,6
epigenomics,map_map_hep2_msp1_digests_s_2_sequence_23,6,6
epigenomics,map_map_hep2_msp1_digests_s_2_sequence_24,6,6
epigenomics,map_map_hep2_msp1_digests_s_2_sequence_25,6,6
epigenomics,map_map_hep2_msp1_digests_s_2_sequence_26,6,6
epigenomics,map_map_hep2_msp1_digests_s_2_sequence_27,6,6
epigenomics,map_map_hep2_msp1_digests_s_2_sequence_28,6,6
epigenomics,map_map_hep2_msp1_digests_s_2_sequence_29,6,6
epigenomics,map_map_hep2_msp1_digests_s_2_sequence_30,6,6
epigenomics,map_map_hep2_msp1_digests_s_2_sequence_31,6,6
epigenomics,map_map_hep2_msp1_digests_s_2_sequence_32,6,6
epigenomics,map_map_hep2_msp1_digests_s_2_sequence_33,6,6
epigenomics,map_map_hep2_msp1_digests_s_2_sequence_34,6,6
epigenomics,map_map_hep2_msp1_digests_s_2_sequence_35,6,6
epigenomics,map_map_hep2_msp1_digests_s_2_sequence_36,6,6
epigenomics,map_map_hep2_msp1_digests_s_2_sequence_37,6,6
epigenomics,sol2sanger_sol2sanger_hep2_msp1_digests_s_2_sequence_20,6,6
epigenomics,sol2sanger_sol2sanger_hep2_msp1_digests_s_2_sequence_21,6,6
epigenomics,sol2sanger_sol2sanger_hep2_msp1_digests_s_2_sequence_22,6,6
epigenomics,sol2sanger_sol2sanger_hep2_msp1_digests_s_2_sequence_23,6,6
epigenomics,sol2sanger_sol2sanger_hep2_msp1_digests_s_2_sequence_24,6,6
epigenomics,sol2sanger_sol2sanger_hep2_msp1_digests_s_2_sequence_25,6,6
epigenomics,sol2sanger_sol2sanger_hep2_msp1_digests_s_2_sequence_26,6,6
epigenomics,sol2sanger_sol2sanger_hep2_msp1_digests_s_2_sequence_27,6,6
epigenomics,sol2sanger_sol2sanger_hep2_msp1_digests_s_2_sequence_28,6,6
epigenomics,sol2sanger_sol2sanger_hep2_msp1_digests_s_2_sequence_29,6,6
epigenomics,sol2sanger_sol2sanger_hep2_msp1_digests_s_2_sequence_30,6,6
epigenomics,sol2sanger_sol2sanger_hep2_msp1_digests_s_2_sequence_31,6,6
epigenomics,sol2sanger_sol2sanger_hep2_msp1_digests_s_2_sequence_32,6,6
epigenomics,sol2sanger_sol2sanger_hep2_msp1_digests_s_2_sequence_33,6,6
epigenomics,sol2sanger_sol2sanger_hep2_msp1_digests_s_2_sequence_34,6,6
epigenomics,sol2sanger_sol2sanger_hep2_msp1_digests_s_2_sequence_35,6,6
epigenomics,sol2sanger_sol2sanger_hep2_msp1_digests_s_2_sequence_36,6,6
epigenomics,sol2sanger_sol2sanger_hep2_msp1_digests_s_2_sequence_37,6,6
epigenomics,fast2bfq_fast2bfq_hep2_msp1_digests_s_5_sequence_1,6,6
epigenomics,fast2bfq_fast2bfq_hep2_msp1_digests_s_5_sequence_10,6,6
epigenomics,fast2bfq_fast2bfq_hep2_msp1_digests_s_5_sequence_11,6,6
epigenomics,fast2bfq_fast2bfq_hep2_msp1_digests_s_5_sequence_12,6,6
epigenomics,fast2bfq_fast2bfq_hep2_msp1_digests_s_5_sequence_13,6,6
epigenomics,fast2bfq_fast2bfq_hep2_msp1_digests_s_5_sequence_14,6,6
epigenomics,fast2bfq_fast2bfq_hep2_msp1_digests_s_5_sequence_15,6,6
epigenomics,fast2bfq_fast2bfq_hep2_msp1_digests_s_5_sequence_16,6,6
epigenomics,fast2bfq_fast2bfq_hep2_msp1_digests_s_5_sequence_17,6,6
epigenomics,fast2bfq_fast2bfq_hep2_msp1_digests_s_5_sequence_18,6,6
epigenomics,fast2bfq_fast2bfq_hep2_msp1_digests_s_5_sequence_2,6,6
epigenomics,fast2bfq_fast2bfq_hep2_msp1_digests_s_5_sequence_3,6,6
epigenomics,fast2bfq_fast2bfq_hep2_msp1_digests_s_5_sequence_4,6,6
epigenomics,fast2bfq_fast2bfq_hep2_msp1_digests_s_5_sequence_5,6,6
epigenomics,fast2bfq_fast2bfq_hep2_msp1_digests_s_5_sequence_6,6,6
epigenomics,fast2bfq_fast2bfq_hep2_msp1_digests_s_5_sequence_7,6,6
epigenomics,fast2bfq_fast2bfq_hep2_msp1_digests_s_5_sequence_8,6,6
epigenomics,fast2bfq_fast2bfq_hep2_msp1_digests_s_5_sequence_9,6,6
epigenomics,filtercontams_filtercontams_hep2_msp1_digests_s_5_sequence_1,6,6
epigenomics,filtercontams_filtercontams_hep2_msp1_digests_s_5_sequence_10,6,6
epigenomics,filtercontams_filtercontams_hep2_msp1_digests_s_5_sequence_11,6,6
epigenomics,filtercontams_filtercontams_hep2_msp1_digests_s_5_sequence_12,6,6
epigenomics,filtercontams_filtercontams_hep2_msp1_digests_s_5_sequence_13,6,6
epigenomics,filtercontams_filtercontams_hep2_msp1_digests_s_5_sequence_14,6,6
epigenomics,filtercontams_filtercontams_hep2_msp1_digests_s_5_sequence_15,6,6
epigenomics,filtercontams_filtercontams_hep2_msp1_digests_s_5_sequence_16,6,6
epigenomics,filtercontams_filtercontams_hep2_msp1_digests_s_5_sequence_17,6,6
epigenomics,filtercontams_filtercontams_hep2_msp1_digests_s_5_sequence_18,6,6
epigenomics,filtercontams_filtercontams_hep2_msp1_digests_s_5_sequence_2,6,6
epigenomics,filtercontams_filtercontams_hep2_msp1_digests_s_5_sequence_3,6,6
epigenomics,filtercontams_filtercontams_hep2_msp1_digests_s_5_sequence_4,6,6
epigenomics,filtercontams_filtercontams_hep2_msp1_digests_s_5_sequence_5,6,6
epigenomics,filtercontams_filtercontams_hep2_msp1_digests_s_5_sequence_6,6,6
epigenomics,filtercontams_filtercontams_hep2_msp1_digests_s_5_sequence_7,6,6
epigenomics,filtercontams_filtercontams_hep2_msp1_digests_s_5_sequence_8,6,6
epigenomics,filtercontams_filtercontams_hep2_msp1_digests_s_5_sequence_9,6,6
epigenomics,map_map_hep2_msp1_digests_s_5_sequence_1,6,6
epigenomics,map_map_hep2_msp1_digests_s_5_sequence_10,6,6
epigenomics,map_map_hep2_msp1_digests_s_5_sequence_11,6,6
epigenomics,map_map_hep2_msp1_digests_s_5_sequence_12,6,6
epigenomics,map_map_hep2_msp1_digests_s_5_sequence_13,6,6
epigenomics,map_map_hep2_msp1_digests_s_5_sequence_14,6,6
epigenomics,map_map_hep2_msp1_digests_s_5_sequence_15,6,6
epigenomics,map_map_hep2_msp1_digests_s_5_sequence_16,6,6
epigenomics,map_map_hep2_msp1_digests_s_5_sequence_17,6,6
epigenomics,map_map_hep2_msp1_digests_s_5_sequence_18,6,6
epigenomics,map_map_hep2_msp1_digests_s_5_sequence_2,6,6
epigenomics,map_map_hep2_msp1_digests_s_5_sequence_3,6,6
epigenomics,map_map_hep2_msp1_digests_s_5_sequence_4,6,6
epigenomics,map_map_hep2_msp1_digests_s_5_sequence_5,6,6
epigenomics,map_map_hep2_msp1_digests_s_5_sequence_6,6,6
epigenomics,map_map_hep2_msp1_digests_s_5_sequence_7,6,6
epigenomics,map_map_hep2_msp1_digests_s_5_sequence_8,6,6
epigenomics,map_map_hep2_msp1_digests_s_5_sequence_9,6,6
epigenomics,sol2sanger_sol2sanger_hep2_msp1_digests_s_5_sequence_1,6,6
epigenomics,sol2sanger_sol2sanger_hep2_msp1_digests_s_5_sequence_10,6,6
epigenomics,sol2sanger_sol2sanger_hep2_msp1_digests_s_5_sequence_11,6,6
epigenomics,sol2sanger_sol2sanger_hep2_msp1_digests_s_5_sequence_12,6,6
epigenomics,sol2sanger_sol2sanger_hep2_msp1_digests_s_5_sequence_13,6,6
epigenomics,sol2sanger_sol2sanger_hep2_msp1_digests_s_5_sequence_14,6,6
epigenomics,sol2sanger_sol2sanger_hep2_msp1_digests_s_5_sequence_15,6,6
epigenomics,sol2sanger_sol2sanger_hep2_msp1_digests_s_5_sequence_16,6,6
epigenomics,sol2sanger_sol2sanger_hep2_msp1_digests_s_5_sequence_17,6,6
epigenomics,sol2sanger_sol2sanger_hep2_msp1_digests_s_5_sequence_18,6,6
epigenomics,sol2sanger_sol2sanger_hep2_msp1_digests_s_5_sequence_2,6,6
epigenomics,sol2sanger_sol2sanger_hep2_msp1_digests_s_5_sequence_3,6,6
epigenomics,sol2sanger_sol2sanger_hep2_msp1_digests_s_5_sequence_4,6,6
epigenomics,sol2sanger_sol2sanger_hep2_msp1_digests_s_5_sequence_5,6,6
epigenomics,sol2sanger_sol2sanger_hep2_msp1_digests_s_5_sequence_6,6,6
epigenomics,sol2sanger_sol2sanger_hep2_msp1_digests_s_5_sequence_7,6,6
epigenomics,sol2sanger_sol2sanger_hep2_msp1_digests_s_5_sequence_8,6,6
epigenomics,sol2sanger_sol2sanger_hep2_msp1_digests_s_5_sequence_9,6,6
epigenomics,fast2bfq_fast2bfq_080603_ilmn-ga001_0003_205wwaaxx_taq1_s_1_sequence_31,6,6
epigenomics,fast2bfq_fast2bfq_080603_ilmn-ga001_0003_205wwaaxx_taq1_s_1_sequence_32,6,6
epigenomics,fast2bfq_fast2bfq_080603_ilmn-ga001_0003_205wwaaxx_taq1_s_1_sequence_33,6,6
epigenomics,fast2bfq_fast2bfq_080603_ilmn-ga001_0003_205wwaaxx_taq1_s_1_sequence_34,6,6
epigenomics,fast2bfq_fast2bfq_080603_ilmn-ga001_0003_205wwaaxx_taq1_s_1_sequence_35,6,6
epigenomics,fast2bfq_fast2bfq_080603_ilmn-ga001_0003_205wwaaxx_taq1_s_1_sequence_36,6,6
epigenomics,fast2bfq_fast2bfq_080603_ilmn-ga001_0003_205wwaaxx_taq1_s_1_sequence_37,6,6
epigenomics,fast2bfq_fast2bfq_080603_ilmn-ga001_0003_205wwaaxx_taq1_s_1_sequence_38,6,6
epigenomics,fast2bfq_fast2bfq_080603_ilmn-ga001_0003_205wwaaxx_taq1_s_1_sequence_39,6,6
epigenomics,fast2bfq_fast2bfq_080603_ilmn-ga001_0003_205wwaaxx_taq1_s_1_sequence_40,6,6
epigenomics,fast2bfq_fast2bfq_080603_ilmn-ga001_0003_205wwaaxx_taq1_s_1_sequence_41,6,6
epigenomics,fast2bfq_fast2bfq_080603_ilmn-ga001_0003_205wwaaxx_taq1_s_1_sequence_42,6,6
epigenomics,fast2bfq_fast2bfq_080603_ilmn-ga001_0003_205wwaaxx_taq1_s_1_sequence_43,6,6
epigenomics,fast2bfq_fast2bfq_080603_ilmn-ga001_0003_205wwaaxx_taq1_s_1_sequence_44,6,6
epigenomics,fast2bfq_fast2bfq_080603_ilmn-ga001_0003_205wwaaxx_taq1_s_1_sequence_45,6,6
epigenomics,fast2bfq_fast2bfq_080603_ilmn-ga001_0003_205wwaaxx_taq1_s_1_sequence_46,6,6
epigenomics,fast2bfq_fast2bfq_080603_ilmn-ga001_0003_205wwaaxx_taq1_s_1_sequence_47,6,6
epigenomics,fast2bfq_fast2bfq_080603_ilmn-ga001_0003_205wwaaxx_taq1_s_1_sequence_48,6,6
epigenomics,fast2bfq_fast2bfq_080603_ilmn-ga001_0003_205wwaaxx_taq1_s_1_sequence_49,6,6
epigenomics,fast2bfq_fast2bfq_080603_ilmn-ga001_0003_205wwaaxx_taq1_s_1_sequence_50,6,6
epigenomics,fast2bfq_fast2bfq_080603_ilmn-ga001_0003_205wwaaxx_taq1_s_1_sequence_51,6,6
epigenomics,fast2bfq_fast2bfq_080603_ilmn-ga001_0003_205wwaaxx_taq1_s_1_sequence_52,6,6
epigenomics,fast2bfq_fast2bfq_080603_ilmn-ga001_0003_205wwaaxx_taq1_s_1_sequence_53,6,6
epigenomics,fast2bfq_fast2bfq_080603_ilmn-ga001_0003_205wwaaxx_taq1_s_1_sequence_54,6,6
epigenomics,fast2bfq_fast2bfq_080603_ilmn-ga001_0003_205wwaaxx_taq1_s_1_sequence_55,6,6
epigenomics,fast2bfq_fast2bfq_080603_ilmn-ga001_0003_205wwaaxx_taq1_s_1_sequence_56,6,6
epigenomics,fast2bfq_fast2bfq_080603_ilmn-ga001_0003_205wwaaxx_taq1_s_1_sequence_57,6,6
epigenomics,fast2bfq_fast2bfq_080603_ilmn-ga001_0003_205wwaaxx_taq1_s_1_sequence_58,6,6
epigenomics,fast2bfq_fast2bfq_080603_ilmn-ga001_0003_205wwaaxx_taq1_s_1_sequence_59,6,6
epigenomics,filtercontams_filtercontams_080603_ilmn-ga001_0003_205wwaaxx_taq1_s_1_sequence_31,6,6
epigenomics,filtercontams_filtercontams_080603_ilmn-ga001_0003_205wwaaxx_taq1_s_1_sequence_32,6,6
epigenomics,filtercontams_filtercontams_080603_ilmn-ga001_0003_205wwaaxx_taq1_s_1_sequence_33,6,6
epigenomics,filtercontams_filtercontams_080603_ilmn-ga001_0003_205wwaaxx_taq1_s_1_sequence_34,6,6
epigenomics,filtercontams_filtercontams_080603_ilmn-ga001_0003_205wwaaxx_taq1_s_1_sequence_35,6,6
epigenomics,filtercontams_filtercontams_080603_ilmn-ga001_0003_205wwaaxx_taq1_s_1_sequence_36,6,6
epigenomics,filtercontams_filtercontams_080603_ilmn-ga001_0003_205wwaaxx_taq1_s_1_sequence_37,6,6
epigenomics,filtercontams_filtercontams_080603_ilmn-ga001_0003_205wwaaxx_taq1_s_1_sequence_38,6,6
epigenomics,filtercontams_filtercontams_080603_ilmn-ga001_0003_205wwaaxx_taq1_s_1_sequence_39,6,6
epigenomics,filtercontams_filtercontams_080603_ilmn-ga001_0003_205wwaaxx_taq1_s_1_sequence_40,6,6
epigenomics,filtercontams_filtercontams_080603_ilmn-ga001_0003_205wwaaxx_taq1_s_1_sequence_41,6,6
epigenomics,filtercontams_filtercontams_080603_ilmn-ga001_0003_205wwaaxx_taq1_s_1_sequence_42,6,6
epigenomics,filtercontams_filtercontams_080603_ilmn-ga001_0003_205wwaaxx_taq1_s_1_sequence_43,6,6
epigenomics,filtercontams_filtercontams_080603_ilmn-ga001_0003_205wwaaxx_taq1_s_1_sequence_44,6,6
epigenomics,filtercontams_filtercontams_080603_ilmn-ga001_0003_205wwaaxx_taq1_s_1_sequence_45,6,6
epigenomics,filtercontams_filtercontams_080603_ilmn-ga001_0003_205wwaaxx_taq1_s_1_sequence_46,6,6
epigenomics,filtercontams_filtercontams_080603_ilmn-ga001_0003_205wwaaxx_taq1_s_1_sequence_47,6,6
epigenomics,filtercontams_filtercontams_080603_ilmn-ga001_0003_205wwaaxx_taq1_s_1_sequence_48,6,6
epigenomics,filtercontams_filtercontams_080603_ilmn-ga001_0003_205wwaaxx_taq1_s_1_sequence_49,6,6
epigenomics,filtercontams_filtercontams_080603_ilmn-ga001_0003_205wwaaxx_taq1_s_1_sequence_50,6,6
epigenomics,filtercontams_filtercontams_080603_ilmn-ga001_0003_205wwaaxx_taq1_s_1_sequence_51,6,6
epigenomics,filtercontams_filtercontams_080603_ilmn-ga001_0003_205wwaaxx_taq1_s_1_sequence_52,6,6
epigenomics,filtercontams_filtercontams_080603_ilmn-ga001_0003_205wwaaxx_taq1_s_1_sequence_53,6,6
epigenomics,filtercontams_filtercontams_080603_ilmn-ga001_0003_205wwaaxx_taq1_s_1_sequence_54,6,6
epigenomics,filtercontams_filtercontams_080603_ilmn-ga001_0003_205wwaaxx_taq1_s_1_sequence_55,6,6
epigenomics,filtercontams_filtercontams_080603_ilmn-ga001_0003_205wwaaxx_taq1_s_1_sequence_56,6,6
epigenomics,filtercontams_filtercontams_080603_ilmn-ga001_0003_205wwaaxx_taq1_s_1_sequence_57,6,6
epigenomics,filtercontams_filtercontams_080603_ilmn-ga001_0003_205wwaaxx_taq1_s_1_sequence_58,6,6
epigenomics,filtercontams_filtercontams_080603_ilmn-ga001_0003_205wwaaxx_taq1_s_1_sequence_59,6,6
epigenomics,map_map_080603_ilmn-ga001_0003_205wwaaxx_taq1_s_1_sequence_31,6,6
epigenomics,map_map_080603_ilmn-ga001_0003_205wwaaxx_taq1_s_1_sequence_32,6,6
epigenomics,map_map_080603_ilmn-ga001_0003_205wwaaxx_taq1_s_1_sequence_33,6,6
epigenomics,map_map_080603_ilmn-ga001_0003_205wwaaxx_taq1_s_1_sequence_34,6,6
epigenomics,map_map_080603_ilmn-ga001_0003_205wwaaxx_taq1_s_1_sequence_35,6,6
epigenomics,map_map_080603_ilmn-ga001_0003_205wwaaxx_taq1_s_1_sequence_36,6,6
epigenomics,map_map_080603_ilmn-ga001_0003_205wwaaxx_taq1_s_1_sequence_37,6,6
epigenomics,map_map_080603_ilmn-ga001_0003_205wwaaxx_taq1_s_1_sequence_38,6,6
epigenomics,map_map_080603_ilmn-ga001_0003_205wwaaxx_taq1_s_1_sequence_39,6,6
epigenomics,map_map_080603_ilmn-ga001_0003_205wwaaxx_taq1_s_1_sequence_40,6,6
epigenomics,map_map_080603_ilmn-ga001_0003_205wwaaxx_taq1_s_1_sequence_41,6,6
epigenomics,map_map_080603_ilmn-ga001_0003_205wwaaxx_taq1_s_1_sequence_42,6,6
epigenomics,map_map_080603_ilmn-ga001_0003_205wwaaxx_taq1_s_1_sequence_43,6,6
epigenomics,map_map_080603_ilmn-ga001_0003_205wwaaxx_taq1_s_1_sequence_44,6,6
epigenomics,map_map_080603_ilmn-ga001_0003_205wwaaxx_taq1_s_1_sequence_45,6,6
epigenomics,map_map_080603_ilmn-ga001_0003_205wwaaxx_taq1_s_1_sequence_46,6,6
epigenomics,map_map_080603_ilmn-ga001_0003_205wwaaxx_taq1_s_1_sequence_47,6,6
epigenomics,map_map_080603_ilmn-ga001_0003_205wwaaxx_taq1_s_1_sequence_48,6,6
epigenomics,map_map_080603_ilmn-ga001_0003_205wwaaxx_taq1_s_1_sequence_49,6,6
epigenomics,map_map_080603_ilmn-ga001_0003_205wwaaxx_taq1_s_1_sequence_50,6,6
epigenomics,map_map_080603_ilmn-ga001_0003_205wwaaxx_taq1_s_1_sequence_51,6,6
epigenomics,map_map_080603_ilmn-ga001_0003_205wwaaxx_taq1_s_1_sequence_52,6,6
epigenomics,map_map_080603_ilmn-ga001_0003_205wwaaxx_taq1_s_1_sequence_53,6,6
epigenomics,map_map_080603_ilmn-ga001_0003_205wwaaxx_taq1_s_1_sequence_54,6,6
epigenomics,map_map_080603_ilmn-ga001_0003_205wwaaxx_taq1_s_1_sequence_55,6,6
epigenomics,map_map_080603_ilmn-ga001_0003_205wwaaxx_taq1_s_1_sequence_56,6,6
epigenomics,map_map_080603_ilmn-ga001_0003_205wwaaxx_taq1_s_1_sequence_57,6,6
epigenomics,map_map_080603_ilmn-ga001_0003_205wwaaxx_taq1_s_1_sequence_58,6,6
epigenomics,map_map_080603_ilmn-ga001_0003_205wwaaxx_taq1_s_1_sequence_59,6,6
epigenomics,sol2sanger_sol2sanger_080603_ilmn-ga001_0003_205wwaaxx_taq1_s_1_sequence_31,6,6
epigenomics,sol2sanger_sol2sanger_080603_ilmn-ga001_0003_205wwaaxx_taq1_s_1_sequence_32,6,6
epigenomics,sol2sanger_sol2sanger_080603_ilmn-ga001_0003_205wwaaxx_taq1_s_1_sequence_33,6,6
epigenomics,sol2sanger_sol2sanger_080603_ilmn-ga001_0003_205wwaaxx_taq1_s_1_sequence_34,6,6
epigenomics,sol2sanger_sol2sanger_080603_ilmn-ga001_0003_205wwaaxx_taq1_s_1_sequence_35,6,6
epigenomics,sol2sanger_sol2sanger_080603_ilmn-ga001_0003_205wwaaxx_taq1_s_1_sequence_36,6,6
epigenomics,sol2sanger_sol2sanger_080603_ilmn-ga001_0003_205wwaaxx_taq1_s_1_sequence_37,6,6
epigenomics,sol2sanger_sol2sanger_080603_ilmn-ga001_0003_205wwaaxx_taq1_s_1_sequence_38,6,6
epigenomics,sol2sanger_sol2sanger_080603_ilmn-ga001_0003_205wwaaxx_taq1_s_1_sequence_39,6,6
epigenomics,sol2sanger_sol2sanger_080603_ilmn-ga001_0003_205wwaaxx_taq1_s_1_sequence_40,6,6
epigenomics,sol2sanger_sol2sanger_080603_ilmn-ga001_0003_205wwaaxx_taq1_s_1_sequence_41,6,6
epigenomics,sol2sanger_sol2sanger_080603_ilmn-ga001_0003_205wwaaxx_taq1_s_1_sequence_42,6,6
epigenomics,sol2sanger_sol2sanger_080603_ilmn-ga001_0003_205wwaaxx_taq1_s_1_sequence_43,6,6
epigenomics,sol2sanger_sol2sanger_080603_ilmn-ga001_0003_205wwaaxx_taq1_s_1_sequence_44,6,6
epigenomics,sol2sanger_sol2sanger_080603_ilmn-ga001_0003_205wwaaxx_taq1_s_1_sequence_45,6,6
epigenomics,sol2sanger_sol2sanger_080603_ilmn-ga001_0003_205wwaaxx_taq1_s_1_sequence_46,6,6
epigenomics,sol2sanger_sol2sanger_080603_ilmn-ga001_0003_205wwaaxx_taq1_s_1_sequence_47,6,6
epigenomics,sol2sanger_sol2sanger_080603_ilmn-ga001_0003_205wwaaxx_taq1_s_1_sequence_48,6,6
epigenomics,sol2sanger_sol2sanger_080603_ilmn-ga001_0003_205wwaaxx_taq1_s_1_sequence_49,6,6
epigenomics,sol2sanger_sol2sanger_080603_ilmn-ga001_0003_205wwaaxx_taq1_s_1_sequence_50,6,6
epigenomics,sol2sanger_sol2sanger_080603_ilmn-ga001_0003_205wwaaxx_taq1_s_1_sequence_51,6,6
epigenomics,sol2sanger_sol2sanger_080603_ilmn-ga001_0003_205wwaaxx_taq1_s_1_sequence_52,6,6
epigenomics,sol2sanger_sol2sanger_080603_ilmn-ga001_0003_205wwaaxx_taq1_s_1_sequence_53,6,6
epigenomics,sol2sanger_sol2sanger_080603_ilmn-ga001_0003_205wwaaxx_taq1_s_1_sequence_54,6,6
epigenomics,sol2sanger_sol2sanger_080603_ilmn-ga001_0003_205wwaaxx_taq1_s_1_sequence_55,6,6
epigenomics,sol2sanger_sol2sanger_080603_ilmn-ga001_0003_205wwaaxx_taq1_s_1_sequence_56,6,6
epigenomics,sol2sanger_sol2sanger_080603_ilmn-ga001_0003_205wwaaxx_taq1_s_1_sequence_57,6,6
epigenomics,sol2sanger_sol2sanger_080603_ilmn-ga001_0003_205wwaaxx_taq1_s_1_sequence_58,6,6
epigenomics,sol2sanger_sol2sanger_080603_ilmn-ga001_0003_205wwaaxx_taq1_s_1_sequence_59,6,6
epigenomics,fast2bfq_fast2bfq_080603_ilmn-ga001_0003_205wwaaxx_taq1_s_5_sequence_1,6,6
epigenomics,fast2bfq_fast2bfq_080603_ilmn-ga001_0003_205wwaaxx_taq1_s_5_sequence_10,6,6
epigenomics,fast2bfq_fast2bfq_080603_ilmn-ga001_0003_205wwaaxx_taq1_s_5_sequence_11,6,6
epigenomics,fast2bfq_fast2bfq_080603_ilmn-ga001_0003_205wwaaxx_taq1_s_5_sequence_12,6,6
epigenomics,fast2bfq_fast2bfq_080603_ilmn-ga001_0003_205wwaaxx_taq1_s_5_sequence_13,6,6
epigenomics,fast2bfq_fast2bfq_080603_ilmn-ga001_0003_205wwaaxx_taq1_s_5_sequence_14,6,6
epigenomics,fast2bfq_fast2bfq_080603_ilmn-ga001_0003_205wwaaxx_taq1_s_5_sequence_15,6,6
epigenomics,fast2bfq_fast2bfq_080603_ilmn-ga001_0003_205wwaaxx_taq1_s_5_sequence_16,6,6
epigenomics,fast2bfq_fast2bfq_080603_ilmn-ga001_0003_205wwaaxx_taq1_s_5_sequence_17,6,6
epigenomics,fast2bfq_fast2bfq_080603_ilmn-ga001_0003_205wwaaxx_taq1_s_5_sequence_18,6,6
epigenomics,fast2bfq_fast2bfq_080603_ilmn-ga001_0003_205wwaaxx_taq1_s_5_sequence_19,6,6
epigenomics,fast2bfq_fast2bfq_080603_ilmn-ga001_0003_205wwaaxx_taq1_s_5_sequence_2,6,6
epigenomics,fast2bfq_fast2bfq_080603_ilmn-ga001_0003_205wwaaxx_taq1_s_5_sequence_20,6,6
epigenomics,fast2bfq_fast2bfq_080603_ilmn-ga001_0003_205wwaaxx_taq1_s_5_sequence_21,6,6
epigenomics,fast2bfq_fast2bfq_080603_ilmn-ga001_0003_205wwaaxx_taq1_s_5_sequence_22,6,6
epigenomics,fast2bfq_fast2bfq_080603_ilmn-ga001_0003_205wwaaxx_taq1_s_5_sequence_23,6,6
epigenomics,fast2bfq_fast2bfq_080603_ilmn-ga001_0003_205wwaaxx_taq1_s_5_sequence_24,6,6
epigenomics,fast2bfq_fast2bfq_080603_ilmn-ga001_0003_205wwaaxx_taq1_s_5_sequence_25,6,6
epigenomics,fast2bfq_fast2bfq_080603_ilmn-ga001_0003_205wwaaxx_taq1_s_5_sequence_26,6,6
epigenomics,fast2bfq_fast2bfq_080603_ilmn-ga001_0003_205wwaaxx_taq1_s_5_sequence_27,6,6
epigenomics,fast2bfq_fast2bfq_080603_ilmn-ga001_0003_205wwaaxx_taq1_s_5_sequence_28,6,6
epigenomics,fast2bfq_fast2bfq_080603_ilmn-ga001_0003_205wwaaxx_taq1_s_5_sequence_29,6,6
epigenomics,fast2bfq_fast2bfq_080603_ilmn-ga001_0003_205wwaaxx_taq1_s_5_sequence_3,6,6
epigenomics,fast2bfq_fast2bfq_080603_ilmn-ga001_0003_205wwaaxx_taq1_s_5_sequence_30,6,6
epigenomics,fast2bfq_fast2bfq_080603_ilmn-ga001_0003_205wwaaxx_taq1_s_5_sequence_31,6,6
epigenomics,fast2bfq_fast2bfq_080603_ilmn-ga001_0003_205wwaaxx_taq1_s_5_sequence_32,6,6
epigenomics,fast2bfq_fast2bfq_080603_ilmn-ga001_0003_205wwaaxx_taq1_s_5_sequence_33,6,6
epigenomics,fast2bfq_fast2bfq_080603_ilmn-ga001_0003_205wwaaxx_taq1_s_5_sequence_34,6,6
epigenomics,fast2bfq_fast2bfq_080603_ilmn-ga001_0003_205wwaaxx_taq1_s_5_sequence_35,6,6
epigenomics,fast2bfq_fast2bfq_080603_ilmn-ga001_0003_205wwaaxx_taq1_s_5_sequence_36,6,6
epigenomics,fast2bfq_fast2bfq_080603_ilmn-ga001_0003_205wwaaxx_taq1_s_5_sequence_37,6,6
epigenomics,fast2bfq_fast2bfq_080603_ilmn-ga001_0003_205wwaaxx_taq1_s_5_sequence_38,6,6
epigenomics,fast2bfq_fast2bfq_080603_ilmn-ga001_0003_205wwaaxx_taq1_s_5_sequence_4,6,6
epigenomics,fast2bfq_fast2bfq_080603_ilmn-ga001_0003_205wwaaxx_taq1_s_5_sequence_5,6,6
epigenomics,fast2bfq_fast2bfq_080603_ilmn-ga001_0003_205wwaaxx_taq1_s_5_sequence_6,6,6
epigenomics,fast2bfq_fast2bfq_080603_ilmn-ga001_0003_205wwaaxx_taq1_s_5_sequence_7,6,6
epigenomics,fast2bfq_fast2bfq_080603_ilmn-ga001_0003_205wwaaxx_taq1_s_5_sequence_8,6,6
epigenomics,fast2bfq_fast2bfq_080603_ilmn-ga001_0003_205wwaaxx_taq1_s_5_sequence_9,6,6
epigenomics,filtercontams_filtercontams_080603_ilmn-ga001_0003_205wwaaxx_taq1_s_5_sequence_1,6,6
epigenomics,filtercontams_filtercontams_080603_ilmn-ga001_0003_205wwaaxx_taq1_s_5_sequence_10,6,6
epigenomics,filtercontams_filtercontams_080603_ilmn-ga001_0003_205wwaaxx_taq1_s_5_sequence_11,6,6
epigenomics,filtercontams_filtercontams_080603_ilmn-ga001_0003_205wwaaxx_taq1_s_5_sequence_12,6,6
epigenomics,filtercontams_filtercontams_080603_ilmn-ga001_0003_205wwaaxx_taq1_s_5_sequence_13,6,6
epigenomics,filtercontams_filtercontams_080603_ilmn-ga001_0003_205wwaaxx_taq1_s_5_sequence_14,6,6
epigenomics,filtercontams_filtercontams_080603_ilmn-ga001_0003_205wwaaxx_taq1_s_5_sequence_15,6,6
epigenomics,filtercontams_filtercontams_080603_ilmn-ga001_0003_205wwaaxx_taq1_s_5_sequence_16,6,6
epigenomics,filtercontams_filtercontams_080603_ilmn-ga001_0003_205wwaaxx_taq1_s_5_sequence_17,6,6
epigenomics,filtercontams_filtercontams_080603_ilmn-ga001_0003_205wwaaxx_taq1_s_5_sequence_18,6,6
epigenomics,filtercontams_filtercontams_080603_ilmn-ga001_0003_205wwaaxx_taq1_s_5_sequence_19,6,6
epigenomics,filtercontams_filtercontams_080603_ilmn-ga001_0003_205wwaaxx_taq1_s_5_sequence_2,6,6
epigenomics,filtercontams_filtercontams_080603_ilmn-ga001_0003_205wwaaxx_taq1_s_5_sequence_20,6,6
epigenomics,filtercontams_filtercontams_080603_ilmn-ga001_0003_205wwaaxx_taq1_s_5_sequence_21,6,6
epigenomics,filtercontams_filtercontams_080603_ilmn-ga001_0003_205wwaaxx_taq1_s_5_sequence_22,6,6
epigenomics,filtercontams_filtercontams_080603_ilmn-ga001_0003_205wwaaxx_taq1_s_5_sequence_23,6,6
epigenomics,filtercontams_filtercontams_080603_ilmn-ga001_0003_205wwaaxx_taq1_s_5_sequence_24,6,6
epigenomics,filtercontams_filtercontams_080603_ilmn-ga001_0003_205wwaaxx_taq1_s_5_sequence_25,6,6
epigenomics,filtercontams_filtercontams_080603_ilmn-ga001_0003_205wwaaxx_taq1_s_5_sequence_26,6,6
epigenomics,filtercontams_filtercontams_080603_ilmn-ga001_0003_205wwaaxx_taq1_s_5_sequence_27,6,6
epigenomics,filtercontams_filtercontams_080603_ilmn-ga001_0003_205wwaaxx_taq1_s_5_sequence_28,6,6
epigenomics,filtercontams_filtercontams_080603_ilmn-ga001_0003_205wwaaxx_taq1_s_5_sequence_29,6,6
epigenomics,filtercontams_filtercontams_080603_ilmn-ga001_0003_205wwaaxx_taq1_s_5_sequence_3,6,6
epigenomics,filtercontams_filtercontams_080603_ilmn-ga001_0003_205wwaaxx_taq1_s_5_sequence_30,6,6
epigenomics,filtercontams_filtercontams_080603_ilmn-ga001_0003_205wwaaxx_taq1_s_5_sequence_31,6,6
epigenomics,filtercontams_filtercontams_080603_ilmn-ga001_0003_205wwaaxx_taq1_s_5_sequence_32,6,6
epigenomics,filtercontams_filtercontams_080603_ilmn-ga001_0003_205wwaaxx_taq1_s_5_sequence_33,6,6
epigenomics,filtercontams_filtercontams_080603_ilmn-ga001_0003_205wwaaxx_taq1_s_5_sequence_34,6,6
epigenomics,filtercontams_filtercontams_080603_ilmn-ga001_0003_205wwaaxx_taq1_s_5_sequence_35,6,6
epigenomics,filtercontams_filtercontams_080603_ilmn-ga001_0003_205wwaaxx_taq1_s_5_sequence_36,6,6
epigenomics,filtercontams_filtercontams_080603_ilmn-ga001_0003_205wwaaxx_taq1_s_5_sequence_37,6,6
epigenomics,filtercontams_filtercontams_080603_ilmn-ga001_0003_205wwaaxx_taq1_s_5_sequence_38,6,6
epigenomics,filtercontams_filtercontams_080603_ilmn-ga001_0003_205wwaaxx_taq1_s_5_sequence_4,6,6
epigenomics,filtercontams_filtercontams_080603_ilmn-ga001_0003_205wwaaxx_taq1_s_5_sequence_5,6,6
epigenomics,filtercontams_filtercontams_080603_ilmn-ga001_0003_205wwaaxx_taq1_s_5_sequence_6,6,6
epigenomics,filtercontams_filtercontams_080603_ilmn-ga001_0003_205wwaaxx_taq1_s_5_sequence_7,6,6
epigenomics,filtercontams_filtercontams_080603_ilmn-ga001_0003_205wwaaxx_taq1_s_5_sequence_8,6,6
epigenomics,filtercontams_filtercontams_080603_ilmn-ga001_0003_205wwaaxx_taq1_s_5_sequence_9,6,6
epigenomics,map_map_080603_ilmn-ga001_0003_205wwaaxx_taq1_s_5_sequence_1,6,6
epigenomics,map_map_080603_ilmn-ga001_0003_205wwaaxx_taq1_s_5_sequence_10,6,6
epigenomics,map_map_080603_ilmn-ga001_0003_205wwaaxx_taq1_s_5_sequence_11,6,6
epigenomics,map_map_080603_ilmn-ga001_0003_205wwaaxx_taq1_s_5_sequence_12,6,6
epigenomics,map_map_080603_ilmn-ga001_0003_205wwaaxx_taq1_s_5_sequence_13,6,6
epigenomics,map_map_080603_ilmn-ga001_0003_205wwaaxx_taq1_s_5_sequence_14,6,6
epigenomics,map_map_080603_ilmn-ga001_0003_205wwaaxx_taq1_s_5_sequence_15,6,6
epigenomics,map_map_080603_ilmn-ga001_0003_205wwaaxx_taq1_s_5_sequence_16,6,6
epigenomics,map_map_080603_ilmn-ga001_0003_205wwaaxx_taq1_s_5_sequence_17,6,6
epigenomics,map_map_080603_ilmn-ga001_0003_205wwaaxx_taq1_s_5_sequence_18,6,6
epigenomics,map_map_080603_ilmn-ga001_0003_205wwaaxx_taq1_s_5_sequence_19,6,6
epigenomics,map_map_080603_ilmn-ga001_0003_205wwaaxx_taq1_s_5_sequence_2,6,6
epigenomics,map_map_080603_ilmn-ga001_0003_205wwaaxx_taq1_s_5_sequence_20,6,6
epigenomics,map_map_080603_ilmn-ga001_0003_205wwaaxx_taq1_s_5_sequence_21,6,6
epigenomics,map_map_080603_ilmn-ga001_0003_205wwaaxx_taq1_s_5_sequence_22,6,6
epigenomics,map_map_080603_ilmn-ga001_0003_205wwaaxx_taq1_s_5_sequence_23,6,6
epigenomics,map_map_080603_ilmn-ga001_0003_205wwaaxx_taq1_s_5_sequence_24,6,6
epigenomics,map_map_080603_ilmn-ga001_0003_205wwaaxx_taq1_s_5_sequence_25,6,6
epigenomics,map_map_080603_ilmn-ga001_0003_205wwaaxx_taq1_s_5_sequence_26,6,6
epigenomics,map_map_080603_ilmn-ga001_0003_205wwaaxx_taq1_s_5_sequence_27,6,6
epigenomics,map_map_080603_ilmn-ga001_0003_205wwaaxx_taq1_s_5_sequence_28,6,6
epigenomics,map_map_080603_ilmn-ga001_0003_205wwaaxx_taq1_s_5_sequence_29,6,6
epigenomics,map_map_080603_ilmn-ga001_0003_205wwaaxx_taq1_s_5_sequence_3,6,6
epigenomics,map_map_080603_ilmn-ga001_0003_205wwaaxx_taq1_s_5_sequence_30,6,6
epigenomics,map_map_080603_ilmn-ga001_0003_205wwaaxx_taq1_s_5_sequence_31,6,6
epigenomics,map_map_080603_ilmn-ga001_0003_205wwaaxx_taq1_s_5_sequence_32,6,6
epigenomics,map_map_080603_ilmn-ga001_0003_205wwaaxx_taq1_s_5_sequence_33,6,6
epigenomics,map_map_080603_ilmn-ga001_0003_205wwaaxx_taq1_s_5_sequence_34,6,6
epigenomics,map_map_080603_ilmn-ga001_0003_205wwaaxx_taq1_s_5_sequence_35,6,6
epigenomics,map_map_080603_ilmn-ga001_0003_205wwaaxx_taq1_s_5_sequence_36,6,6
epigenomics,map_map_080603_ilmn-ga001_0003_205wwaaxx_taq1_s_5_sequence_37,6,6
epigenomics,map_map_080603_ilmn-ga001_0003_205wwaaxx_taq1_s_5_sequence_38,6,6
epigenomics,map_map_080603_ilmn-ga001_0003_205wwaaxx_taq1_s_5_sequence_4,6,6
epigenomics,map_map_080603_ilmn-ga001_0003_205wwaaxx_taq1_s_5_sequence_5,6,6
epigenomics,map_map_080603_ilmn-ga001_0003_205wwaaxx_taq1_s_5_sequence_6,6,6
epigenomics,map_map_080603_ilmn-ga001_0003_205wwaaxx_taq1_s_5_sequence_7,6,6
epigenomics,map_map_080603_ilmn-ga001_0003_205wwaaxx_taq1_s_5_sequence_8,6,6
epigenomics,map_map_080603_ilmn-ga001_0003_205wwaaxx_taq1_s_5_sequence_9,6,6
epigenomics,sol2sanger_sol2sanger_080603_ilmn-ga001_0003_205wwaaxx_taq1_s_5_sequence_1,6,6
epigenomics,sol2sanger_sol2sanger_080603_ilmn-ga001_0003_205wwaaxx_taq1_s_5_sequence_10,6,6
epigenomics,sol2sanger_sol2sanger_080603_ilmn-ga001_0003_205wwaaxx_taq1_s_5_sequence_11,6,6
epigenomics,sol2sanger_sol2sanger_080603_ilmn-ga001_0003_205wwaaxx_taq1_s_5_sequence_12,6,6
epigenomics,sol2sanger_sol2sanger_080603_ilmn-ga001_0003_205wwaaxx_taq1_s_5_sequence_13,6,6
epigenomics,sol2sanger_sol2sanger_080603_ilmn-ga001_0003_205wwaaxx_taq1_s_5_sequence_14,6,6
epigenomics,sol2sanger_sol2sanger_080603_ilmn-ga001_0003_205wwaaxx_taq1_s_5_sequence_15,6,6
epigenomics,sol2sanger_sol2sanger_080603_ilmn-ga001_0003_205wwaaxx_taq1_s_5_sequence_16,6,6
epigenomics,sol2sanger_sol2sanger_080603_ilmn-ga001_0003_205wwaaxx_taq1_s_5_sequence_17,6,6
epigenomics,sol2sanger_sol2sanger_080603_ilmn-ga001_0003_205wwaaxx_taq1_s_5_sequence_18,6,6
epigenomics,sol2sanger_sol2sanger_080603_ilmn-ga001_0003_205wwaaxx_taq1_s_5_sequence_19,6,6
epigenomics,sol2sanger_sol2sanger_080603_ilmn-ga001_0003_205wwaaxx_taq1_s_5_sequence_2,6,6
epigenomics,sol2sanger_sol2sanger_080603_ilmn-ga001_0003_205wwaaxx_taq1_s_5_sequence_20,6,6
epigenomics,sol2sanger_sol2sanger_080603_ilmn-ga001_0003_205wwaaxx_taq1_s_5_sequence_21,6,6
epigenomics,sol2sanger_sol2sanger_080603_ilmn-ga001_0003_205wwaaxx_taq1_s_5_sequence_22,6,6
epigenomics,sol2sanger_sol2sanger_080603_ilmn-ga001_0003_205wwaaxx_taq1_s_5_sequence_23,6,6
epigenomics,sol2sanger_sol2sanger_080603_ilmn-ga001_0003_205wwaaxx_taq1_s_5_sequence_24,6,6
epigenomics,sol2sanger_sol2sanger_080603_ilmn-ga001_0003_205wwaaxx_taq1_s_5_sequence_25,6,6
epigenomics,sol2sanger_sol2sanger_080603_ilmn-ga001_0003_205wwaaxx_taq1_s_5_sequence_26,6,6
epigenomics,sol2sanger_sol2sanger_080603_ilmn-ga001_0003_205wwaaxx_taq1_s_5_sequence_27,6,6
epigenomics,sol2sanger_sol2sanger_080603_ilmn-ga001_0003_205wwaaxx_taq1_s_5_sequence_28,6,6
epigenomics,sol2sanger_sol2sanger_080603_ilmn-ga001_0003_205wwaaxx_taq1_s_5_sequence_29,6,6
epigenomics,sol2sanger_sol2sanger_080603_ilmn-ga001_0003_205wwaaxx_taq1_s_5_sequence_3,6,6
epigenomics,sol2sanger_sol2sanger_080603_ilmn-ga001_0003_205wwaaxx_taq1_s_5_sequence_30,6,6
epigenomics,sol2sanger_sol2sanger_080603_ilmn-ga001_0003_205wwaaxx_taq1_s_5_sequence_31,6,6
epigenomics,sol2sanger_sol2sanger_080603_ilmn-ga001_0003_205wwaaxx_taq1_s_5_sequence_32,6,6
epigenomics,sol2sanger_sol2sanger_080603_ilmn-ga001_0003_205wwaaxx_taq1_s_5_sequence_33,6,6
epigenomics,sol2sanger_sol2sanger_080603_ilmn-ga001_0003_205wwaaxx_taq1_s_5_sequence_34,6,6
epigenomics,sol2sanger_sol2sanger_080603_ilmn-ga001_0003_205wwaaxx_taq1_s_5_sequence_35,6,6
epigenomics,sol2sanger_sol2sanger_080603_ilmn-ga001_0003_205wwaaxx_taq1_s_5_sequence_36,6,6
epigenomics,sol2sanger_sol2sanger_080603_ilmn-ga001_0003_205wwaaxx_taq1_s_5_sequence_37,6,6
epigenomics,sol2sanger_sol2sanger_080603_ilmn-ga001_0003_205wwaaxx_taq1_s_5_sequence_38,6,6
epigenomics,sol2sanger_sol2sanger_080603_ilmn-ga001_0003_205wwaaxx_taq1_s_5_sequence_4,6,6
epigenomics,sol2sanger_sol2sanger_080603_ilmn-ga001_0003_205wwaaxx_taq1_s_5_sequence_5,6,6
epigenomics,sol2sanger_sol2sanger_080603_ilmn-ga001_0003_205wwaaxx_taq1_s_5_sequence_6,6,6
epigenomics,sol2sanger_sol2sanger_080603_ilmn-ga001_0003_205wwaaxx_taq1_s_5_sequence_7,6,6
epigenomics,sol2sanger_sol2sanger_080603_ilmn-ga001_0003_205wwaaxx_taq1_s_5_sequence_8,6,6
epigenomics,sol2sanger_sol2sanger_080603_ilmn-ga001_0003_205wwaaxx_taq1_s_5_sequence_9,6,6
epigenomics,fast2bfq_fast2bfq_hep2_msp1_digests_s_3_sequence_29,5,5
epigenomics,fast2bfq_fast2bfq_hep2_msp1_digests_s_3_sequence_30,5,5
epigenomics,fast2bfq_fast2bfq_hep2_msp1_digests_s_3_sequence_31,5,5
epigenomics,fast2bfq_fast2bfq_hep2_msp1_digests_s_3_sequence_32,5,5
epigenomics,fast2bfq_fast2bfq_hep2_msp1_digests_s_3_sequence_33,5,5
epigenomics,fast2bfq_fast2bfq_hep2_msp1_digests_s_3_sequence_34,5,5
epigenomics,fast2bfq_fast2bfq_hep2_msp1_digests_s_3_sequence_35,5,5
epigenomics,fast2bfq_fast2bfq_hep2_msp1_digests_s_3_sequence_36,5,5
epigenomics,fast2bfq_fast2bfq_hep2_msp1_digests_s_3_sequence_37,5,5
epigenomics,fast2bfq_fast2bfq_hep2_msp1_digests_s_3_sequence_38,5,5
epigenomics,fast2bfq_fast2bfq_hep2_msp1_digests_s_3_sequence_39,5,5
epigenomics,fast2bfq_fast2bfq_hep2_msp1_digests_s_3_sequence_40,5,5
epigenomics,fast2bfq_fast2bfq_hep2_msp1_digests_s_3_sequence_41,5,5
epigenomics,fast2bfq_fast2bfq_hep2_msp1_digests_s_3_sequence_42,5,5
epigenomics,fast2bfq_fast2bfq_hep2_msp1_digests_s_3_sequence_43,5,5
epigenomics,fast2bfq_fast2bfq_hep2_msp1_digests_s_3_sequence_44,5,5
epigenomics,fast2bfq_fast2bfq_hep2_msp1_digests_s_3_sequence_45,5,5
epigenomics,fast2bfq_fast2bfq_hep2_msp1_digests_s_3_sequence_46,5,5
epigenomics,fast2bfq_fast2bfq_hep2_msp1_digests_s_3_sequence_47,5,5
epigenomics,fast2bfq_fast2bfq_hep2_msp1_digests_s_3_sequence_48,5,5
epigenomics,fast2bfq_fast2bfq_hep2_msp1_digests_s_3_sequence_49,5,5
epigenomics,fast2bfq_fast2bfq_hep2_msp1_digests_s_3_sequence_50,5,5
epigenomics,fast2bfq_fast2bfq_hep2_msp1_digests_s_3_sequence_51,5,5
epigenomics,fast2bfq_fast2bfq_hep2_msp1_digests_s_3_sequence_52,5,5
epigenomics,fast2bfq_fast2bfq_hep2_msp1_digests_s_3_sequence_53,5,5
epigenomics,fast2bfq_fast2bfq_hep2_msp1_digests_s_3_sequence_54,5,5
epigenomics,fast2bfq_fast2bfq_hep2_msp1_digests_s_3_sequence_55,5,5
epigenomics,filtercontams_filtercontams_hep2_msp1_digests_s_3_sequence_29,5,5
epigenomics,filtercontams_filtercontams_hep2_msp1_digests_s_3_sequence_30,5,5
epigenomics,filtercontams_filtercontams_hep2_msp1_digests_s_3_sequence_31,5,5
epigenomics,filtercontams_filtercontams_hep2_msp1_digests_s_3_sequence_32,5,5
epigenomics,filtercontams_filtercontams_hep2_msp1_digests_s_3_sequence_33,5,5
epigenomics,filtercontams_filtercontams_hep2_msp1_digests_s_3_sequence_34,5,5
epigenomics,filtercontams_filtercontams_hep2_msp1_digests_s_3_sequence_35,5,5
epigenomics,filtercontams_filtercontams_hep2_msp1_digests_s_3_sequence_36,5,5
epigenomics,filtercontams_filtercontams_hep2_msp1_digests_s_3_sequence_37,5,5
epigenomics,filtercontams_filtercontams_hep2_msp1_digests_s_3_sequence_38,5,5
epigenomics,filtercontams_filtercontams_hep2_msp1_digests_s_3_sequence_39,5,5
epigenomics,filtercontams_filtercontams_hep2_msp1_digests_s_3_sequence_40,5,5
epigenomics,filtercontams_filtercontams_hep2_msp1_digests_s_3_sequence_41,5,5
epigenomics,filtercontams_filtercontams_hep2_msp1_digests_s_3_sequence_42,5,5
epigenomics,filtercontams_filtercontams_hep2_msp1_digests_s_3_sequence_43,5,5
epigenomics,filtercontams_filtercontams_hep2_msp1_digests_s_3_sequence_44,5,5
epigenomics,filtercontams_filtercontams_hep2_msp1_digests_s_3_sequence_45,5,5
epigenomics,filtercontams_filtercontams_hep2_msp1_digests_s_3_sequence_46,5,5
epigenomics,filtercontams_filtercontams_hep2_msp1_digests_s_3_sequence_47,5,5
epigenomics,filtercontams_filtercontams_hep2_msp1_digests_s_3_sequence_48,5,5
epigenomics,filtercontams_filtercontams_hep2_msp1_digests_s_3_sequence_49,5,5
epigenomics,filtercontams_filtercontams_hep2_msp1_digests_s_3_sequence_50,5,5
epigenomics,filtercontams_filtercontams_hep2_msp1_digests_s_3_sequence_51,5,5
epigenomics,filtercontams_filtercontams_hep2_msp1_digests_s_3_sequence_52,5,5
epigenomics,filtercontams_filtercontams_hep2_msp1_digests_s_3_sequence_53,5,5
epigenomics,filtercontams_filtercontams_hep2_msp1_digests_s_3_sequence_54,5,5
epigenomics,filtercontams_filtercontams_hep2_msp1_digests_s_3_sequence_55,5,5
epigenomics,map_map_hep2_msp1_digests_s_3_sequence_29,5,5
epigenomics,map_map_hep2_msp1_digests_s_3_sequence_30,5,5
epigenomics,map_map_hep2_msp1_digests_s_3_sequence_31,5,5
epigenomics,map_map_hep2_msp1_digests_s_3_sequence_32,5,5
epigenomics,map_map_hep2_msp1_digests_s_3_sequence_33,5,5
epigenomics,map_map_hep2_msp1_digests_s_3_sequence_34,5,5
epigenomics,map_map_hep2_msp1_digests_s_3_sequence_35,5,5
epigenomics,map_map_hep2_msp1_digests_s_3_sequence_36,5,5
epigenomics,map_map_hep2_msp1_digests_s_3_sequence_37,5,5
epigenomics,map_map_hep2_msp1_digests_s_3_sequence_38,5,5
epigenomics,map_map_hep2_msp1_digests_s_3_sequence_39,5,5
epigenomics,map_map_hep2_msp1_digests_s_3_sequence_40,5,5
epigenomics,map_map_hep2_msp1_digests_s_3_sequence_41,5,5
epigenomics,map_map_hep2_msp1_digests_s_3_sequence_42,5,5
epigenomics,map_map_hep2_msp1_digests_s_3_sequence_43,5,5
epigenomics,map_map_hep2_msp1_digests_s_3_sequence_44,5,5
epigenomics,map_map_hep2_msp1_digests_s_3_sequence_45,5,5
epigenomics,map_map_hep2_msp1_digests_s_3_sequence_46,5,5
epigenomics,map_map_hep2_msp1_digests_s_3_sequence_47,5,5
epigenomics,map_map_hep2_msp1_digests_s_3_sequence_48,5,5
epigenomics,map_map_hep2_msp1_digests_s_3_sequence_49,5,5
epigenomics,map_map_hep2_msp1_digests_s_3_sequence_50,5,5
epigenomics,map_map_hep2_msp1_digests_s_3_sequence_51,5,5
epigenomics,map_map_hep2_msp1_digests_s_3_sequence_52,5,5
epigenomics,map_map_hep2_msp1_digests_s_3_sequence_53,5,5
epigenomics,map_map_hep2_msp1_digests_s_3_sequence_54,5,5
epigenomics,map_map_hep2_msp1_digests_s_3_sequence_55,5,5
epigenomics,sol2sanger_sol2sanger_hep2_msp1_digests_s_3_sequence_29,5,5
epigenomics,sol2sanger_sol2sanger_hep2_msp1_digests_s_3_sequence_30,5,5
epigenomics,sol2sanger_sol2sanger_hep2_msp1_digests_s_3_sequence_31,5,5
epigenomics,sol2sanger_sol2sanger_hep2_msp1_digests_s_3_sequence_32,5,5
epigenomics,sol2sanger_sol2sanger_hep2_msp1_digests_s_3_sequence_33,5,5
epigenomics,sol2sanger_sol2sanger_hep2_msp1_digests_s_3_sequence_34,5,5
epigenomics,sol2sanger_sol2sanger_hep2_msp1_digests_s_3_sequence_35,5,5
epigenomics,sol2sanger_sol2sanger_hep2_msp1_digests_s_3_sequence_36,5,5
epigenomics,sol2sanger_sol2sanger_hep2_msp1_digests_s_3_sequence_37,5,5
epigenomics,sol2sanger_sol2sanger_hep2_msp1_digests_s_3_sequence_38,5,5
epigenomics,sol2sanger_sol2sanger_hep2_msp1_digests_s_3_sequence_39,5,5
epigenomics,sol2sanger_sol2sanger_hep2_msp1_digests_s_3_sequence_40,5,5
epigenomics,sol2sanger_sol2sanger_hep2_msp1_digests_s_3_sequence_41,5,5
epigenomics,sol2sanger_sol2sanger_hep2_msp1_digests_s_3_sequence_42,5,5
epigenomics,sol2sanger_sol2sanger_hep2_msp1_digests_s_3_sequence_43,5,5
epigenomics,sol2sanger_sol2sanger_hep2_msp1_digests_s_3_sequence_44,5,5
epigenomics,sol2sanger_sol2sanger_hep2_msp1_digests_s_3_sequence_45,5,5
epigenomics,sol2sanger_sol2sanger_hep2_msp1_digests_s_3_sequence_46,5,5
epigenomics,sol2sanger_sol2sanger_hep2_msp1_digests_s_3_sequence_47,5,5
epigenomics,sol2sanger_sol2sanger_hep2_msp1_digests_s_3_sequence_48,5,5
epigenomics,sol2sanger_sol2sanger_hep2_msp1_digests_s_3_sequence_49,5,5
epigenomics,sol2sanger_sol2sanger_hep2_msp1_digests_s_3_sequence_50,5,5
epigenomics,sol2sanger_sol2sanger_hep2_msp1_digests_s_3_sequence_51,5,5
epigenomics,sol2sanger_sol2sanger_hep2_msp1_digests_s_3_sequence_52,5,5
epigenomics,sol2sanger_sol2sanger_hep2_msp1_digests_s_3_sequence_53,5,5
epigenomics,sol2sanger_sol2sanger_hep2_msp1_digests_s_3_sequence_54,5,5
epigenomics,sol2sanger_sol2sanger_hep2_msp1_digests_s_3_sequence_55,5,5
epigenomics,fast2bfq_fast2bfq_080603_ilmn-ga001_0003_205wwaaxx_taq1_s_2_sequence_35,5,5
epigenomics,fast2bfq_fast2bfq_080603_ilmn-ga001_0003_205wwaaxx_taq1_s_2_sequence_36,5,5
epigenomics,fast2bfq_fast2bfq_080603_ilmn-ga001_0003_205wwaaxx_taq1_s_2_sequence_37,5,5
epigenomics,fast2bfq_fast2bfq_080603_ilmn-ga001_0003_205wwaaxx_taq1_s_2_sequence_38,5,5
epigenomics,fast2bfq_fast2bfq_080603_ilmn-ga001_0003_205wwaaxx_taq1_s_2_sequence_39,5,5
epigenomics,fast2bfq_fast2bfq_080603_ilmn-ga001_0003_205wwaaxx_taq1_s_2_sequence_40,5,5
epigenomics,fast2bfq_fast2bfq_080603_ilmn-ga001_0003_205wwaaxx_taq1_s_2_sequence_41,5,5
epigenomics,fast2bfq_fast2bfq_080603_ilmn-ga001_0003_205wwaaxx_taq1_s_2_sequence_42,5,5
epigenomics,fast2bfq_fast2bfq_080603_ilmn-ga001_0003_205wwaaxx_taq1_s_2_sequence_43,5,5
epigenomics,fast2bfq_fast2bfq_080603_ilmn-ga001_0003_205wwaaxx_taq1_s_2_sequence_44,5,5
epigenomics,fast2bfq_fast2bfq_080603_ilmn-ga001_0003_205wwaaxx_taq1_s_2_sequence_45,5,5
epigenomics,fast2bfq_fast2bfq_080603_ilmn-ga001_0003_205wwaaxx_taq1_s_2_sequence_46,5,5
epigenomics,fast2bfq_fast2bfq_080603_ilmn-ga001_0003_205wwaaxx_taq1_s_2_sequence_47,5,5
epigenomics,fast2bfq_fast2bfq_080603_ilmn-ga001_0003_205wwaaxx_taq1_s_2_sequence_48,5,5
epigenomics,fast2bfq_fast2bfq_080603_ilmn-ga001_0003_205wwaaxx_taq1_s_2_sequence_49,5,5
epigenomics,fast2bfq_fast2bfq_080603_ilmn-ga001_0003_205wwaaxx_taq1_s_2_sequence_50,5,5
epigenomics,fast2bfq_fast2bfq_080603_ilmn-ga001_0003_205wwaaxx_taq1_s_2_sequence_51,5,5
epigenomics,fast2bfq_fast2bfq_080603_ilmn-ga001_0003_205wwaaxx_taq1_s_2_sequence_52,5,5
epigenomics,fast2bfq_fast2bfq_080603_ilmn-ga001_0003_205wwaaxx_taq1_s_2_sequence_53,5,5
epigenomics,fast2bfq_fast2bfq_080603_ilmn-ga001_0003_205wwaaxx_taq1_s_2_sequence_54,5,5
epigenomics,fast2bfq_fast2bfq_080603_ilmn-ga001_0003_205wwaaxx_taq1_s_2_sequence_55,5,5
epigenomics,fast2bfq_fast2bfq_080603_ilmn-ga001_0003_205wwaaxx_taq1_s_2_sequence_56,5,5
epigenomics,fast2bfq_fast2bfq_080603_ilmn-ga001_0003_205wwaaxx_taq1_s_2_sequence_57,5,5
epigenomics,fast2bfq_fast2bfq_080603_ilmn-ga001_0003_205wwaaxx_taq1_s_2_sequence_58,5,5
epigenomics,fast2bfq_fast2bfq_080603_ilmn-ga001_0003_205wwaaxx_taq1_s_2_sequence_59,5,5
epigenomics,fast2bfq_fast2bfq_080603_ilmn-ga001_0003_205wwaaxx_taq1_s_2_sequence_60,5,5
epigenomics,fast2bfq_fast2bfq_080603_ilmn-ga001_0003_205wwaaxx_taq1_s_2_sequence_61,5,5
epigenomics,fast2bfq_fast2bfq_080603_ilmn-ga001_0003_205wwaaxx_taq1_s_2_sequence_62,5,5
epigenomics,fast2bfq_fast2bfq_080603_ilmn-ga001_0003_205wwaaxx_taq1_s_2_sequence_63,5,5
epigenomics,fast2bfq_fast2bfq_080603_ilmn-ga001_0003_205wwaaxx_taq1_s_2_sequence_64,5,5
epigenomics,fast2bfq_fast2bfq_080603_ilmn-ga001_0003_205wwaaxx_taq1_s_2_sequence_65,5,5
epigenomics,fast2bfq_fast2bfq_080603_ilmn-ga001_0003_205wwaaxx_taq1_s_2_sequence_66,5,5
epigenomics,fast2bfq_fast2bfq_080603_ilmn-ga001_0003_205wwaaxx_taq1_s_2_sequence_67,5,5
epigenomics,fast2bfq_fast2bfq_080603_ilmn-ga001_0003_205wwaaxx_taq1_s_2_sequence_68,5,5
epigenomics,filtercontams_filtercontams_080603_ilmn-ga001_0003_205wwaaxx_taq1_s_2_sequence_35,5,5
epigenomics,filtercontams_filtercontams_080603_ilmn-ga001_0003_205wwaaxx_taq1_s_2_sequence_36,5,5
epigenomics,filtercontams_filtercontams_080603_ilmn-ga001_0003_205wwaaxx_taq1_s_2_sequence_37,5,5
epigenomics,filtercontams_filtercontams_080603_ilmn-ga001_0003_205wwaaxx_taq1_s_2_sequence_38,5,5
epigenomics,filtercontams_filtercontams_080603_ilmn-ga001_0003_205wwaaxx_taq1_s_2_sequence_39,5,5
epigenomics,filtercontams_filtercontams_080603_ilmn-ga001_0003_205wwaaxx_taq1_s_2_sequence_40,5,5
epigenomics,filtercontams_filtercontams_080603_ilmn-ga001_0003_205wwaaxx_taq1_s_2_sequence_41,5,5
epigenomics,filtercontams_filtercontams_080603_ilmn-ga001_0003_205wwaaxx_taq1_s_2_sequence_42,5,5
epigenomics,filtercontams_filtercontams_080603_ilmn-ga001_0003_205wwaaxx_taq1_s_2_sequence_43,5,5
epigenomics,filtercontams_filtercontams_080603_ilmn-ga001_0003_205wwaaxx_taq1_s_2_sequence_44,5,5
epigenomics,filtercontams_filtercontams_080603_ilmn-ga001_0003_205wwaaxx_taq1_s_2_sequence_45,5,5
epigenomics,filtercontams_filtercontams_080603_ilmn-ga001_0003_205wwaaxx_taq1_s_2_sequence_46,5,5
epigenomics,filtercontams_filtercontams_080603_ilmn-ga001_0003_205wwaaxx_taq1_s_2_sequence_47,5,5
epigenomics,filtercontams_filtercontams_080603_ilmn-ga001_0003_205wwaaxx_taq1_s_2_sequence_48,5,5
epigenomics,filtercontams_filtercontams_080603_ilmn-ga001_0003_205wwaaxx_taq1_s_2_sequence_49,5,5
epigenomics,filtercontams_filtercontams_080603_ilmn-ga001_0003_205wwaaxx_taq1_s_2_sequence_50,5,5
epigenomics,filtercontams_filtercontams_080603_ilmn-ga001_0003_205wwaaxx_taq1_s_2_sequence_51,5,5
epigenomics,filtercontams_filtercontams_080603_ilmn-ga001_0003_205wwaaxx_taq1_s_2_sequence_52,5,5
epigenomics,filtercontams_filtercontams_080603_ilmn-ga001_0003_205wwaaxx_taq1_s_2_sequence_53,5,5
epigenomics,filtercontams_filtercontams_080603_ilmn-ga001_0003_205wwaaxx_taq1_s_2_sequence_54,5,5
epigenomics,filtercontams_filtercontams_080603_ilmn-ga001_0003_205wwaaxx_taq1_s_2_sequence_55,5,5
epigenomics,filtercontams_filtercontams_080603_ilmn-ga001_0003_205wwaaxx_taq1_s_2_sequence_56,5,5
epigenomics,filtercontams_filtercontams_080603_ilmn-ga001_0003_205wwaaxx_taq1_s_2_sequence_57,5,5
epigenomics,filtercontams_filtercontams_080603_ilmn-ga001_0003_205wwaaxx_taq1_s_2_sequence_58,5,5
epigenomics,filtercontams_filtercontams_080603_ilmn-ga001_0003_205wwaaxx_taq1_s_2_sequence_59,5,5
epigenomics,filtercontams_filtercontams_080603_ilmn-ga001_0003_205wwaaxx_taq1_s_2_sequence_60,5,5
epigenomics,filtercontams_filtercontams_080603_ilmn-ga001_0003_205wwaaxx_taq1_s_2_sequence_61,5,5
epigenomics,filtercontams_filtercontams_080603_ilmn-ga001_0003_205wwaaxx_taq1_s_2_sequence_62,5,5
epigenomics,filtercontams_filtercontams_080603_ilmn-ga001_0003_205wwaaxx_taq1_s_2_sequence_63,5,5
epigenomics,filtercontams_filtercontams_080603_ilmn-ga001_0003_205wwaaxx_taq1_s_2_sequence_64,5,5
epigenomics,filtercontams_filtercontams_080603_ilmn-ga001_0003_205wwaaxx_taq1_s_2_sequence_65,5,5
epigenomics,filtercontams_filtercontams_080603_ilmn-ga001_0003_205wwaaxx_taq1_s_2_sequence_66,5,5
epigenomics,filtercontams_filtercontams_080603_ilmn-ga001_0003_205wwaaxx_taq1_s_2_sequence_67,5,5
epigenomics,filtercontams_filtercontams_080603_ilmn-ga001_0003_205wwaaxx_taq1_s_2_sequence_68,5,5
epigenomics,map_map_080603_ilmn-ga001_0003_205wwaaxx_taq1_s_2_sequence_35,5,5
epigenomics,map_map_080603_ilmn-ga001_0003_205wwaaxx_taq1_s_2_sequence_36,5,5
epigenomics,map_map_080603_ilmn-ga001_0003_205wwaaxx_taq1_s_2_sequence_37,5,5
epigenomics,map_map_080603_ilmn-ga001_0003_205wwaaxx_taq1_s_2_sequence_38,5,5
epigenomics,map_map_080603_ilmn-ga001_0003_205wwaaxx_taq1_s_2_sequence_39,5,5
epigenomics,map_map_080603_ilmn-ga001_0003_205wwaaxx_taq1_s_2_sequence_40,5,5
epigenomics,map_map_080603_ilmn-ga001_0003_205wwaaxx_taq1_s_2_sequence_41,5,5
epigenomics,map_map_080603_ilmn-ga001_0003_205wwaaxx_taq1_s_2_sequence_42,5,5
epigenomics,map_map_080603_ilmn-ga001_0003_205wwaaxx_taq1_s_2_sequence_43,5,5
epigenomics,map_map_080603_ilmn-ga001_0003_205wwaaxx_taq1_s_2_sequence_44,5,5
epigenomics,map_map_080603_ilmn-ga001_0003_205wwaaxx_taq1_s_2_sequence_45,5,5
epigenomics,map_map_080603_ilmn-ga001_0003_205wwaaxx_taq1_s_2_sequence_46,5,5
epigenomics,map_map_080603_ilmn-ga001_0003_205wwaaxx_taq1_s_2_sequence_47,5,5
epigenomics,map_map_080603_ilmn-ga001_0003_205wwaaxx_taq1_s_2_sequence_48,5,5
epigenomics,map_map_080603_ilmn-ga001_0003_205wwaaxx_taq1_s_2_sequence_49,5,5
epigenomics,map_map_080603_ilmn-ga001_0003_205wwaaxx_taq1_s_2_sequence_50,5,5
epigenomics,map_map_080603_ilmn-ga001_0003_205wwaaxx_taq1_s_2_sequence_51,5,5
epigenomics,map_map_080603_ilmn-ga001_0003_205wwaaxx_taq1_s_2_sequence_52,5,5
epigenomics,map_map_080603_ilmn-ga001_0003_205wwaaxx_taq1_s_2_sequence_53,5,5
epigenomics,map_map_080603_ilmn-ga001_0003_205wwaaxx_taq1_s_2_sequence_54,5,5
epigenomics,map_map_080603_ilmn-ga001_0003_205wwaaxx_taq1_s_2_sequence_55,5,5
epigenomics,map_map_080603_ilmn-ga001_0003_205wwaaxx_taq1_s_2_sequence_56,5,5
epigenomics,map_map_080603_ilmn-ga001_0003_205wwaaxx_taq1_s_2_sequence_57,5,5
epigenomics,map_map_080603_ilmn-ga001_0003_205wwaaxx_taq1_s_2_sequence_58,5,5
epigenomics,map_map_080603_ilmn-ga001_0003_205wwaaxx_taq1_s_2_sequence_59,5,5
epigenomics,map_map_080603_ilmn-ga001_0003_205wwaaxx_taq1_s_2_sequence_60,5,5
epigenomics,map_map_080603_ilmn-ga001_0003_205wwaaxx_taq1_s_2_sequence_61,5,5
epigenomics,map_map_080603_ilmn-ga001_0003_205wwaaxx_taq1_s_2_sequence_62,5,5
epigenomics,map_map_080603_ilmn-ga001_0003_205wwaaxx_taq1_s_2_sequence_63,5,5
epigenomics,map_map_080603_ilmn-ga001_0003_205wwaaxx_taq1_s_2_sequence_64,5,5
epigenomics,map_map_080603_ilmn-ga001_0003_205wwaaxx_taq1_s_2_sequence_65,5,5
epigenomics,map_map_080603_ilmn-ga001_0003_205wwaaxx_taq1_s_2_sequence_66,5,5
epigenomics,map_map_080603_ilmn-ga001_0003_205wwaaxx_taq1_s_2_sequence_67,5,5
epigenomics,map_map_080603_ilmn-ga001_0003_205wwaaxx_taq1_s_2_sequence_68,5,5
epigenomics,sol2sanger_sol2sanger_080603_ilmn-ga001_0003_205wwaaxx_taq1_s_2_sequence_35,5,5
epigenomics,sol2sanger_sol2sanger_080603_ilmn-ga001_0003_205wwaaxx_taq1_s_2_sequence_36,5,5
epigenomics,sol2sanger_sol2sanger_080603_ilmn-ga001_0003_205wwaaxx_taq1_s_2_sequence_37,5,5
epigenomics,sol2sanger_sol2sanger_080603_ilmn-ga001_0003_205wwaaxx_taq1_s_2_sequence_38,5,5
epigenomics,sol2sanger_sol2sanger_080603_ilmn-ga001_0003_205wwaaxx_taq1_s_2_sequence_39,5,5
epigenomics,sol2sanger_sol2sanger_080603_ilmn-ga001_0003_205wwaaxx_taq1_s_2_sequence_40,5,5
epigenomics,sol2sanger_sol2sanger_080603_ilmn-ga001_0003_205wwaaxx_taq1_s_2_sequence_41,5,5
epigenomics,sol2sanger_sol2sanger_080603_ilmn-ga001_0003_205wwaaxx_taq1_s_2_sequence_42,5,5
epigenomics,sol2sanger_sol2sanger_080603_ilmn-ga001_0003_205wwaaxx_taq1_s_2_sequence_43,5,5
epigenomics,sol2sanger_sol2sanger_080603_ilmn-ga001_0003_205wwaaxx_taq1_s_2_sequence_44,5,5
epigenomics,sol2sanger_sol2sanger_080603_ilmn-ga001_0003_205wwaaxx_taq1_s_2_sequence_45,5,5
epigenomics,sol2sanger_sol2sanger_080603_ilmn-ga001_0003_205wwaaxx_taq1_s_2_sequence_46,5,5
epigenomics,sol2sanger_sol2sanger_080603_ilmn-ga001_0003_205wwaaxx_taq1_s_2_sequence_47,5,5
epigenomics,sol2sanger_sol2sanger_080603_ilmn-ga001_0003_205wwaaxx_taq1_s_2_sequence_48,5,5
epigenomics,sol2sanger_sol2sanger_080603_ilmn-ga001_0003_205wwaaxx_taq1_s_2_sequence_49,5,5
epigenomics,sol2sanger_sol2sanger_080603_ilmn-ga001_0003_205wwaaxx_taq1_s_2_sequence_50,5,5
epigenomics,sol2sanger_sol2sanger_080603_ilmn-ga001_0003_205wwaaxx_taq1_s_2_sequence_51,5,5
epigenomics,sol2sanger_sol2sanger_080603_ilmn-ga001_0003_205wwaaxx_taq1_s_2_sequence_52,5,5
epigenomics,sol2sanger_sol2sanger_080603_ilmn-ga001_0003_205wwaaxx_taq1_s_2_sequence_53,5,5
epigenomics,sol2sanger_sol2sanger_080603_ilmn-ga001_0003_205wwaaxx_taq1_s_2_sequence_54,5,5
epigenomics,sol2sanger_sol2sanger_080603_ilmn-ga001_0003_205wwaaxx_taq1_s_2_sequence_55,5,5
epigenomics,sol2sanger_sol2sanger_080603_ilmn-ga001_0003_205wwaaxx_taq1_s_2_sequence_56,5,5
epigenomics,sol2sanger_sol2sanger_080603_ilmn-ga001_0003_205wwaaxx_taq1_s_2_sequence_57,5,5
epigenomics,sol2sanger_sol2sanger_080603_ilmn-ga001_0003_205wwaaxx_taq1_s_2_sequence_58,5,5
epigenomics,sol2sanger_sol2sanger_080603_ilmn-ga001_0003_205wwaaxx_taq1_s_2_sequence_59,5,5
epigenomics,sol2sanger_sol2sanger_080603_ilmn-ga001_0003_205wwaaxx_taq1_s_2_sequence_60,5,5
epigenomics,sol2sanger_sol2sanger_080603_ilmn-ga001_0003_205wwaaxx_taq1_s_2_sequence_61,5,5
epigenomics,sol2sanger_sol2sanger_080603_ilmn-ga001_0003_205wwaaxx_taq1_s_2_sequence_62,5,5
epigenomics,sol2sanger_sol2sanger_080603_ilmn-ga001_0003_205wwaaxx_taq1_s_2_sequence_63,5,5
epigenomics,sol2sanger_sol2sanger_080603_ilmn-ga001_0003_205wwaaxx_taq1_s_2_sequence_64,5,5
epigenomics,sol2sanger_sol2sanger_080603_ilmn-ga001_0003_205wwaaxx_taq1_s_2_sequence_65,5,5
epigenomics,sol2sanger_sol2sanger_080603_ilmn-ga001_0003_205wwaaxx_taq1_s_2_sequence_66,5,5
epigenomics,sol2sanger_sol2sanger_080603_ilmn-ga001_0003_205wwaaxx_taq1_s_2_sequence_67,5,5
epigenomics,sol2sanger_sol2sanger_080603_ilmn-ga001_0003_205wwaaxx_taq1_s_2_sequence_68,5,5
epigenomics,fast2bfq_fast2bfq_hep2_msp1_digests_s_4_sequence_29,4,4
epigenomics,fast2bfq_fast2bfq_hep2_msp1_digests_s_4_sequence_30,4,4
epigenomics,fast2bfq_fast2bfq_hep2_msp1_digests_s_4_sequence_31,4,4
epigenomics,fast2bfq_fast2bfq_hep2_msp1_digests_s_4_sequence_32,4,4
epigenomics,fast2bfq_fast2bfq_hep2_msp1_digests_s_4_sequence_33,4,4
epigenomics,fast2bfq_fast2bfq_hep2_msp1_digests_s_4_sequence_34,4,4
epigenomics,fast2bfq_fast2bfq_hep2_msp1_digests_s_4_sequence_35,4,4
epigenomics,fast2bfq_fast2bfq_hep2_msp1_digests_s_4_sequence_36,4,4
epigenomics,fast2bfq_fast2bfq_hep2_msp1_digests_s_4_sequence_37,4,4
epigenomics,fast2bfq_fast2bfq_hep2_msp1_digests_s_4_sequence_38,4,4
epigenomics,fast2bfq_fast2bfq_hep2_msp1_digests_s_4_sequence_39,4,4
epigenomics,fast2bfq_fast2bfq_hep2_msp1_digests_s_4_sequence_40,4,4
epigenomics,fast2bfq_fast2bfq_hep2_msp1_digests_s_4_sequence_41,4,4
epigenomics,fast2bfq_fast2bfq_hep2_msp1_digests_s_4_sequence_42,4,4
epigenomics,fast2bfq_fast2bfq_hep2_msp1_digests_s_4_sequence_43,4,4
epigenomics,fast2bfq_fast2bfq_hep2_msp1_digests_s_4_sequence_44,4,4
epigenomics,fast2bfq_fast2bfq_hep2_msp1_digests_s_4_sequence_45,4,4
epigenomics,fast2bfq_fast2bfq_hep2_msp1_digests_s_4_sequence_46,4,4
epigenomics,fast2bfq_fast2bfq_hep2_msp1_digests_s_4_sequence_47,4,4
epigenomics,fast2bfq_fast2bfq_hep2_msp1_digests_s_4_sequence_48,4,4
epigenomics,fast2bfq_fast2bfq_hep2_msp1_digests_s_4_sequence_49,4,4
epigenomics,fast2bfq_fast2bfq_hep2_msp1_digests_s_4_sequence_50,4,4
epigenomics,fast2bfq_fast2bfq_hep2_msp1_digests_s_4_sequence_51,4,4
epigenomics,fast2bfq_fast2bfq_hep2_msp1_digests_s_4_sequence_52,4,4
epigenomics,fast2bfq_fast2bfq_hep2_msp1_digests_s_4_sequence_53,4,4
epigenomics,fast2bfq_fast2bfq_hep2_msp1_digests_s_4_sequence_54,4,4
epigenomics,fast2bfq_fast2bfq_hep2_msp1_digests_s_4_sequence_55,4,4
epigenomics,fast2bfq_fast2bfq_hep2_msp1_digests_s_4_sequence_56,4,4
epigenomics,filtercontams_filtercontams_hep2_msp1_digests_s_4_sequence_29,4,4
epigenomics,filtercontams_filtercontams_hep2_msp1_digests_s_4_sequence_30,4,4
epigenomics,filtercontams_filtercontams_hep2_msp1_digests_s_4_sequence_31,4,4
epigenomics,filtercontams_filtercontams_hep2_msp1_digests_s_4_sequence_32,4,4
epigenomics,filtercontams_filtercontams_hep2_msp1_digests_s_4_sequence_33,4,4
epigenomics,filtercontams_filtercontams_hep2_msp1_digests_s_4_sequence_34,4,4
epigenomics,filtercontams_filtercontams_hep2_msp1_digests_s_4_sequence_35,4,4
epigenomics,filtercontams_filtercontams_hep2_msp1_digests_s_4_sequence_36,4,4
epigenomics,filtercontams_filtercontams_hep2_msp1_digests_s_4_sequence_37,4,4
epigenomics,filtercontams_filtercontams_hep2_msp1_digests_s_4_sequence_38,4,4
epigenomics,filtercontams_filtercontams_hep2_msp1_digests_s_4_sequence_39,4,4
epigenomics,filtercontams_filtercontams_hep2_msp1_digests_s_4_sequence_40,4,4
epigenomics,filtercontams_filtercontams_hep2_msp1_digests_s_4_sequence_41,4,4
epigenomics,filtercontams_filtercontams_hep2_msp1_digests_s_4_sequence_42,4,4
epigenomics,filtercontams_filtercontams_hep2_msp1_digests_s_4_sequence_43,4,4
epigenomics,filtercontams_filtercontams_hep2_msp1_digests_s_4_sequence_44,4,4
epigenomics,filtercontams_filtercontams_hep2_msp1_digests_s_4_sequence_45,4,4
epigenomics,filtercontams_filtercontams_hep2_msp1_digests_s_4_sequence_46,4,4
epigenomics,filtercontams_filtercontams_hep2_msp1_digests_s_4_sequence_47,4,4
epigenomics,filtercontams_filtercontams_hep2_msp1_digests_s_4_sequence_48,4,4
epigenomics,filtercontams_filtercontams_hep2_msp1_digests_s_4_sequence_49,4,4
epigenomics,filtercontams_filtercontams_hep2_msp1_digests_s_4_sequence_50,4,4
epigenomics,filtercontams_filtercontams_hep2_msp1_digests_s_4_sequence_51,4,4
epigenomics,filtercontams_filtercontams_hep2_msp1_digests_s_4_sequence_52,4,4
epigenomics,filtercontams_filtercontams_hep2_msp1_digests_s_4_sequence_53,4,4
epigenomics,filtercontams_filtercontams_hep2_msp1_digests_s_4_sequence_54,4,4
epigenomics,filtercontams_filtercontams_hep2_msp1_digests_s_4_sequence_55,4,4
epigenomics,filtercontams_filtercontams_hep2_msp1_digests_s_4_sequence_56,4,4
epigenomics,map_map_hep2_msp1_digests_s_4_sequence_29,4,4
epigenomics,map_map_hep2_msp1_digests_s_4_sequence_30,4,4
epigenomics,map_map_hep2_msp1_digests_s_4_sequence_31,4,4
epigenomics,map_map_hep2_msp1_digests_s_4_sequence_32,4,4
epigenomics,map_map_hep2_msp1_digests_s_4_sequence_33,4,4
epigenomics,map_map_hep2_msp1_digests_s_4_sequence_34,4,4
epigenomics,map_map_hep2_msp1_digests_s_4_sequence_35,4,4
epigenomics,map_map_hep2_msp1_digests_s_4_sequence_36,4,4
epigenomics,map_map_hep2_msp1_digests_s_4_sequence_37,4,4
epigenomics,map_map_hep2_msp1_digests_s_4_sequence_38,4,4
epigenomics,map_map_hep2_msp1_digests_s_4_sequence_39,4,4
epigenomics,map_map_hep2_msp1_digests_s_4_sequence_40,4,4
epigenomics,map_map_hep2_msp1_digests_s_4_sequence_41,4,4
epigenomics,map_map_hep2_msp1_digests_s_4_sequence_42,4,4
epigenomics,map_map_hep2_msp1_digests_s_4_sequence_43,4,4
epigenomics,map_map_hep2_msp1_digests_s_4_sequence_44,4,4
epigenomics,map_map_hep2_msp1_digests_s_4_sequence_45,4,4
epigenomics,map_map_hep2_msp1_digests_s_4_sequence_46,4,4
epigenomics,map_map_hep2_msp1_digests_s_4_sequence_47,4,4
epigenomics,map_map_hep2_msp1_digests_s_4_sequence_48,4,4
epigenomics,map_map_hep2_msp1_digests_s_4_sequence_49,4,4
epigenomics,map_map_hep2_msp1_digests_s_4_sequence_50,4,4
epigenomics,map_map_hep2_msp1_digests_s_4_sequence_51,4,4
epigenomics,map_map_hep2_msp1_digests_s_4_sequence_52,4,4
epigenomics,map_map_hep2_msp1_digests_s_4_sequence_53,4,4
epigenomics,map_map_hep2_msp1_digests_s_4_sequence_54,4,4
epigenomics,map_map_hep2_msp1_digests_s_4_sequence_55,4,4
epigenomics,map_map_hep2_msp1_digests_s_4_sequence_56,4,4
epigenomics,sol2sanger_sol2sanger_hep2_msp1_digests_s_4_sequence_29,4,4
epigenomics,sol2sanger_sol2sanger_hep2_msp1_digests_s_4_sequence_30,4,4
epigenomics,sol2sanger_sol2sanger_hep2_msp1_digests_s_4_sequence_31,4,4
epigenomics,sol2sanger_sol2sanger_hep2_msp1_digests_s_4_sequence_32,4,4
epigenomics,sol2sanger_sol2sanger_hep2_msp1_digests_s_4_sequence_33,4,4
epigenomics,sol2sanger_sol2sanger_hep2_msp1_digests_s_4_sequence_34,4,4
epigenomics,sol2sanger_sol2sanger_hep2_msp1_digests_s_4_sequence_35,4,4
epigenomics,sol2sanger_sol2sanger_hep2_msp1_digests_s_4_sequence_36,4,4
epigenomics,sol2sanger_sol2sanger_hep2_msp1_digests_s_4_sequence_37,4,4
epigenomics,sol2sanger_sol2sanger_hep2_msp1_digests_s_4_sequence_38,4,4
epigenomics,sol2sanger_sol2sanger_hep2_msp1_digests_s_4_sequence_39,4,4
epigenomics,sol2sanger_sol2sanger_hep2_msp1_digests_s_4_sequence_40,4,4
epigenomics,sol2sanger_sol2sanger_hep2_msp1_digests_s_4_sequence_41,4,4
epigenomics,sol2sanger_sol2sanger_hep2_msp1_digests_s_4_sequence_42,4,4
epigenomics,sol2sanger_sol2sanger_hep2_msp1_digests_s_4_sequence_43,4,4
epigenomics,sol2sanger_sol2sanger_hep2_msp1_digests_s_4_sequence_44,4,4
epigenomics,sol2sanger_sol2sanger_hep2_msp1_digests_s_4_sequence_45,4,4
epigenomics,sol2sanger_sol2sanger_hep2_msp1_digests_s_4_sequence_46,4,4
epigenomics,sol2sanger_sol2sanger_hep2_msp1_digests_s_4_sequence_47,4,4
epigenomics,sol2sanger_sol2sanger_hep2_msp1_digests_s_4_sequence_48,4,4
epigenomics,sol2sanger_sol2sanger_hep2_msp1_digests_s_4_sequence_49,4,4
epigenomics,sol2sanger_sol2sanger_hep2_msp1_digests_s_4_sequence_50,4,4
epigenomics,sol2sanger_sol2sanger_hep2_msp1_digests_s_4_sequence_51,4,4
epigenomics,sol2sanger_sol2sanger_hep2_msp1_digests_s_4_sequence_52,4,4
epigenomics,sol2sanger_sol2sanger_hep2_msp1_digests_s_4_sequence_53,4,4
epigenomics,sol2sanger_sol2sanger_hep2_msp1_digests_s_4_sequence_54,4,4
epigenomics,sol2sanger_sol2sanger_hep2_msp1_digests_s_4_sequence_55,4,4
epigenomics,sol2sanger_sol2sanger_hep2_msp1_digests_s_4_sequence_56,4,4
epigenomics,fast2bfq_fast2bfq_hep2_msp1_digests_s_6_sequence_1,4,4
epigenomics,fast2bfq_fast2bfq_hep2_msp1_digests_s_6_sequence_10,4,4
epigenomics,fast2bfq_fast2bfq_hep2_msp1_digests_s_6_sequence_11,4,4
epigenomics,fast2bfq_fast2bfq_hep2_msp1_digests_s_6_sequence_12,4,4
epigenomics,fast2bfq_fast2bfq_hep2_msp1_digests_s_6_sequence_13,4,4
epigenomics,fast2bfq_fast2bfq_hep2_msp1_digests_s_6_sequence_14,4,4
epigenomics,fast2bfq_fast2bfq_hep2_msp1_digests_s_6_sequence_15,4,4
epigenomics,fast2bfq_fast2bfq_hep2_msp1_digests_s_6_sequence_16,4,4
epigenomics,fast2bfq_fast2bfq_hep2_msp1_digests_s_6_sequence_17,4,4
epigenomics,fast2bfq_fast2bfq_hep2_msp1_digests_s_6_sequence_18,4,4
epigenomics,fast2bfq_fast2bfq_hep2_msp1_digests_s_6_sequence_19,4,4
epigenomics,fast2bfq_fast2bfq_hep2_msp1_digests_s_6_sequence_2,4,4
epigenomics,fast2bfq_fast2bfq_hep2_msp1_digests_s_6_sequence_20,4,4
epigenomics,fast2bfq_fast2bfq_hep2_msp1_digests_s_6_sequence_21,4,4
epigenomics,fast2bfq_fast2bfq_hep2_msp1_digests_s_6_sequence_3,4,4
epigenomics,fast2bfq_fast2bfq_hep2_msp1_digests_s_6_sequence_4,4,4
epigenomics,fast2bfq_fast2bfq_hep2_msp1_digests_s_6_sequence_5,4,4
epigenomics,fast2bfq_fast2bfq_hep2_msp1_digests_s_6_sequence_6,4,4
epigenomics,fast2bfq_fast2bfq_hep2_msp1_digests_s_6_sequence_7,4,4
epigenomics,fast2bfq_fast2bfq_hep2_msp1_digests_s_6_sequence_8,4,4
epigenomics,fast2bfq_fast2bfq_hep2_msp1_digests_s_6_sequence_9,4,4
epigenomics,filtercontams_filtercontams_hep2_msp1_digests_s_6_sequence_1,4,4
epigenomics,filtercontams_filtercontams_hep2_msp1_digests_s_6_sequence_10,4,4
epigenomics,filtercontams_filtercontams_hep2_msp1_digests_s_6_sequence_11,4,4
epigenomics,filtercontams_filtercontams_hep2_msp1_digests_s_6_sequence_12,4,4
epigenomics,filtercontams_filtercontams_hep2_msp1_digests_s_6_sequence_13,4,4
epigenomics,filtercontams_filtercontams_hep2_msp1_digests_s_6_sequence_14,4,4
epigenomics,filtercontams_filtercontams_hep2_msp1_digests_s_6_sequence_15,4,4
epigenomics,filtercontams_filtercontams_hep2_msp1_digests_s_6_sequence_16,4,4
epigenomics,filtercontams_filtercontams_hep2_msp1_digests_s_6_sequence_17,4,4
epigenomics,filtercontams_filtercontams_hep2_msp1_digests_s_6_sequence_18,4,4
epigenomics,filtercontams_filtercontams_hep2_msp1_digests_s_6_sequence_19,4,4
epigenomics,filtercontams_filtercontams_hep2_msp1_digests_s_6_sequence_2,4,4
epigenomics,filtercontams_filtercontams_hep2_msp1_digests_s_6_sequence_20,4,4
epigenomics,filtercontams_filtercontams_hep2_msp1_digests_s_6_sequence_21,4,4
epigenomics,filtercontams_filtercontams_hep2_msp1_digests_s_6_sequence_3,4,4
epigenomics,filtercontams_filtercontams_hep2_msp1_digests_s_6_sequence_4,4,4
epigenomics,filtercontams_filtercontams_hep2_msp1_digests_s_6_sequence_5,4,4
epigenomics,filtercontams_filtercontams_hep2_msp1_digests_s_6_sequence_6,4,4
epigenomics,filtercontams_filtercontams_hep2_msp1_digests_s_6_sequence_7,4,4
epigenomics,filtercontams_filtercontams_hep2_msp1_digests_s_6_sequence_8,4,4
epigenomics,filtercontams_filtercontams_hep2_msp1_digests_s_6_sequence_9,4,4
epigenomics,map_map_hep2_msp1_digests_s_6_sequence_1,4,4
epigenomics,map_map_hep2_msp1_digests_s_6_sequence_10,4,4
epigenomics,map_map_hep2_msp1_digests_s_6_sequence_11,4,4
epigenomics,map_map_hep2_msp1_digests_s_6_sequence_12,4,4
epigenomics,map_map_hep2_msp1_digests_s_6_sequence_13,4,4
epigenomics,map_map_hep2_msp1_digests_s_6_sequence_14,4,4
epigenomics,map_map_hep2_msp1_digests_s_6_sequence_15,4,4
epigenomics,map_map_hep2_msp1_digests_s_6_sequence_16,4,4
epigenomics,map_map_hep2_msp1_digests_s_6_sequence_17,4,4
epigenomics,map_map_hep2_msp1_digests_s_6_sequence_18,4,4
epigenomics,map_map_hep2_msp1_digests_s_6_sequence_19,4,4
epigenomics,map_map_hep2_msp1_digests_s_6_sequence_2,4,4
epigenomics,map_map_hep2_msp1_digests_s_6_sequence_20,4,4
epigenomics,map_map_hep2_msp1_digests_s_6_sequence_21,4,4
epigenomics,map_map_hep2_msp1_digests_s_6_sequence_3,4,4
epigenomics,map_map_hep2_msp1_digests_s_6_sequence_4,4,4
epigenomics,map_map_hep2_msp1_digests_s_6_sequence_5,4,4
epigenomics,map_map_hep2_msp1_digests_s_6_sequence_6,4,4
epigenomics,map_map_hep2_msp1_digests_s_6_sequence_7,4,4
epigenomics,map_map_hep2_msp1_digests_s_6_sequence_8,4,4
epigenomics,map_map_hep2_msp1_digests_s_6_sequence_9,4,4
epigenomics,sol2sanger_sol2sanger_hep2_msp1_digests_s_6_sequence_1,4,4
epigenomics,sol2sanger_sol2sanger_hep2_msp1_digests_s_6_sequence_10,4,4
epigenomics,sol2sanger_sol2sanger_hep2_msp1_digests_s_6_sequence_11,4,4
epigenomics,sol2sanger_sol2sanger_hep2_msp1_digests_s_6_sequence_12,4,4
epigenomics,sol2sanger_sol2sanger_hep2_msp1_digests_s_6_sequence_13,4,4
epigenomics,sol2sanger_sol2sanger_hep2_msp1_digests_s_6_sequence_14,4,4
epigenomics,sol2sanger_sol2sanger_hep2_msp1_digests_s_6_sequence_15,4,4
epigenomics,sol2sanger_sol2sanger_hep2_msp1_digests_s_6_sequence_16,4,4
epigenomics,sol2sanger_sol2sanger_hep2_msp1_digests_s_6_sequence_17,4,4
epigenomics,sol2sanger_sol2sanger_hep2_msp1_digests_s_6_sequence_18,4,4
epigenomics,sol2sanger_sol2sanger_hep2_msp1_digests_s_6_sequence_19,4,4
epigenomics,sol2sanger_sol2sanger_hep2_msp1_digests_s_6_sequence_2,4,4
epigenomics,sol2sanger_sol2sanger_hep2_msp1_digests_s_6_sequence_20,4,4
epigenomics,sol2sanger_sol2sanger_hep2_msp1_digests_s_6_sequence_21,4,4
epigenomics,sol2sanger_sol2sanger_hep2_msp1_digests_s_6_sequence_3,4,4
epigenomics,sol2sanger_sol2sanger_hep2_msp1_digests_s_6_sequence_4,4,4
epigenomics,sol2sanger_sol2sanger_hep2_msp1_digests_s_6_sequence_5,4,4
epigenomics,sol2sanger_sol2sanger_hep2_msp1_digests_s_6_sequence_6,4,4
epigenomics,sol2sanger_sol2sanger_hep2_msp1_digests_s_6_sequence_7,4,4
epigenomics,sol2sanger_sol2sanger_hep2_msp1_digests_s_6_sequence_8,4,4
epigenomics,sol2sanger_sol2sanger_hep2_msp1_digests_s_6_sequence_9,4,4
epigenomics,fast2bfq_fast2bfq_080603_ilmn-ga001_0003_205wwaaxx_taq1_s_3_sequence_36,4,4
epigenomics,fast2bfq_fast2bfq_080603_ilmn-ga001_0003_205wwaaxx_taq1_s_3_sequence_37,4,4
epigenomics,fast2bfq_fast2bfq_080603_ilmn-ga001_0003_205wwaaxx_taq1_s_3_sequence_38,4,4
epigenomics,fast2bfq_fast2bfq_080603_ilmn-ga001_0003_205wwaaxx_taq1_s_3_sequence_39,4,4
epigenomics,fast2bfq_fast2bfq_080603_ilmn-ga001_0003_205wwaaxx_taq1_s_3_sequence_40,4,4
epigenomics,fast2bfq_fast2bfq_080603_ilmn-ga001_0003_205wwaaxx_taq1_s_3_sequence_41,4,4
epigenomics,fast2bfq_fast2bfq_080603_ilmn-ga001_0003_205wwaaxx_taq1_s_3_sequence_42,4,4
epigenomics,fast2bfq_fast2bfq_080603_ilmn-ga001_0003_205wwaaxx_taq1_s_3_sequence_43,4,4
epigenomics,fast2bfq_fast2bfq_080603_ilmn-ga001_0003_205wwaaxx_taq1_s_3_sequence_44,4,4
epigenomics,fast2bfq_fast2bfq_080603_ilmn-ga001_0003_205wwaaxx_taq1_s_3_sequence_45,4,4
epigenomics,fast2bfq_fast2bfq_080603_ilmn-ga001_0003_205wwaaxx_taq1_s_3_sequence_46,4,4
epigenomics,fast2bfq_fast2bfq_080603_ilmn-ga001_0003_205wwaaxx_taq1_s_3_sequence_47,4,4
epigenomics,fast2bfq_fast2bfq_080603_ilmn-ga001_0003_205wwaaxx_taq1_s_3_sequence_48,4,4
epigenomics,fast2bfq_fast2bfq_080603_ilmn-ga001_0003_205wwaaxx_taq1_s_3_sequence_49,4,4
epigenomics,fast2bfq_fast2bfq_080603_ilmn-ga001_0003_205wwaaxx_taq1_s_3_sequence_50,4,4
epigenomics,fast2bfq_fast2bfq_080603_ilmn-ga001_0003_205wwaaxx_taq1_s_3_sequence_51,4,4
epigenomics,fast2bfq_fast2bfq_080603_ilmn-ga001_0003_205wwaaxx_taq1_s_3_sequence_52,4,4
epigenomics,fast2bfq_fast2bfq_080603_ilmn-ga001_0003_205wwaaxx_taq1_s_3_sequence_53,4,4
epigenomics,fast2bfq_fast2bfq_080603_ilmn-ga001_0003_205wwaaxx_taq1_s_3_sequence_54,4,4
epigenomics,fast2bfq_fast2bfq_080603_ilmn-ga001_0003_205wwaaxx_taq1_s_3_sequence_55,4,4
epigenomics,fast2bfq_fast2bfq_080603_ilmn-ga001_0003_205wwaaxx_taq1_s_3_sequence_56,4,4
epigenomics,fast2bfq_fast2bfq_080603_ilmn-ga001_0003_205wwaaxx_taq1_s_3_sequence_57,4,4
epigenomics,fast2bfq_fast2bfq_080603_ilmn-ga001_0003_205wwaaxx_taq1_s_3_sequence_58,4,4
epigenomics,fast2bfq_fast2bfq_080603_ilmn-ga001_0003_205wwaaxx_taq1_s_3_sequence_59,4,4
epigenomics,fast2bfq_fast2bfq_080603_ilmn-ga001_0003_205wwaaxx_taq1_s_3_sequence_60,4,4
epigenomics,fast2bfq_fast2bfq_080603_ilmn-ga001_0003_205wwaaxx_taq1_s_3_sequence_61,4,4
epigenomics,fast2bfq_fast2bfq_080603_ilmn-ga001_0003_205wwaaxx_taq1_s_3_sequence_62,4,4
epigenomics,fast2bfq_fast2bfq_080603_ilmn-ga001_0003_205wwaaxx_taq1_s_3_sequence_63,4,4
epigenomics,fast2bfq_fast2bfq_080603_ilmn-ga001_0003_205wwaaxx_taq1_s_3_sequence_64,4,4
epigenomics,fast2bfq_fast2bfq_080603_ilmn-ga001_0003_205wwaaxx_taq1_s_3_sequence_65,4,4
epigenomics,fast2bfq_fast2bfq_080603_ilmn-ga001_0003_205wwaaxx_taq1_s_3_sequence_66,4,4
epigenomics,fast2bfq_fast2bfq_080603_ilmn-ga001_0003_205wwaaxx_taq1_s_3_sequence_67,4,4
epigenomics,fast2bfq_fast2bfq_080603_ilmn-ga001_0003_205wwaaxx_taq1_s_3_sequence_68,4,4
epigenomics,fast2bfq_fast2bfq_080603_ilmn-ga001_0003_205wwaaxx_taq1_s_3_sequence_69,4,4
epigenomics,filtercontams_filtercontams_080603_ilmn-ga001_0003_205wwaaxx_taq1_s_3_sequence_36,4,4
epigenomics,filtercontams_filtercontams_080603_ilmn-ga001_0003_205wwaaxx_taq1_s_3_sequence_37,4,4
epigenomics,filtercontams_filtercontams_080603_ilmn-ga001_0003_205wwaaxx_taq1_s_3_sequence_38,4,4
epigenomics,filtercontams_filtercontams_080603_ilmn-ga001_0003_205wwaaxx_taq1_s_3_sequence_39,4,4
epigenomics,filtercontams_filtercontams_080603_ilmn-ga001_0003_205wwaaxx_taq1_s_3_sequence_40,4,4
epigenomics,filtercontams_filtercontams_080603_ilmn-ga001_0003_205wwaaxx_taq1_s_3_sequence_41,4,4
epigenomics,filtercontams_filtercontams_080603_ilmn-ga001_0003_205wwaaxx_taq1_s_3_sequence_42,4,4
epigenomics,filtercontams_filtercontams_080603_ilmn-ga001_0003_205wwaaxx_taq1_s_3_sequence_43,4,4
epigenomics,filtercontams_filtercontams_080603_ilmn-ga001_0003_205wwaaxx_taq1_s_3_sequence_44,4,4
epigenomics,filtercontams_filtercontams_080603_ilmn-ga001_0003_205wwaaxx_taq1_s_3_sequence_45,4,4
epigenomics,filtercontams_filtercontams_080603_ilmn-ga001_0003_205wwaaxx_taq1_s_3_sequence_46,4,4
epigenomics,filtercontams_filtercontams_080603_ilmn-ga001_0003_205wwaaxx_taq1_s_3_sequence_47,4,4
epigenomics,filtercontams_filtercontams_080603_ilmn-ga001_0003_205wwaaxx_taq1_s_3_sequence_48,4,4
epigenomics,filtercontams_filtercontams_080603_ilmn-ga001_0003_205wwaaxx_taq1_s_3_sequence_49,4,4
epigenomics,filtercontams_filtercontams_080603_ilmn-ga001_0003_205wwaaxx_taq1_s_3_sequence_50,4,4
epigenomics,filtercontams_filtercontams_080603_ilmn-ga001_0003_205wwaaxx_taq1_s_3_sequence_51,4,4
epigenomics,filtercontams_filtercontams_080603_ilmn-ga001_0003_205wwaaxx_taq1_s_3_sequence_52,4,4
epigenomics,filtercontams_filtercontams_080603_ilmn-ga001_0003_205wwaaxx_taq1_s_3_sequence_53,4,4
epigenomics,filtercontams_filtercontams_080603_ilmn-ga001_0003_205wwaaxx_taq1_s_3_sequence_54,4,4
epigenomics,filtercontams_filtercontams_080603_ilmn-ga001_0003_205wwaaxx_taq1_s_3_sequence_55,4,4
epigenomics,filtercontams_filtercontams_080603_ilmn-ga001_0003_205wwaaxx_taq1_s_3_sequence_56,4,4
epigenomics,filtercontams_filtercontams_080603_ilmn-ga001_0003_205wwaaxx_taq1_s_3_sequence_57,4,4
epigenomics,filtercontams_filtercontams_080603_ilmn-ga001_0003_205wwaaxx_taq1_s_3_sequence_58,4,4
epigenomics,filtercontams_filtercontams_080603_ilmn-ga001_0003_205wwaaxx_taq1_s_3_sequence_59,4,4
epigenomics,filtercontams_filtercontams_080603_ilmn-ga001_0003_205wwaaxx_taq1_s_3_sequence_60,4,4
epigenomics,filtercontams_filtercontams_080603_ilmn-ga001_0003_205wwaaxx_taq1_s_3_sequence_61,4,4
epigenomics,filtercontams_filtercontams_080603_ilmn-ga001_0003_205wwaaxx_taq1_s_3_sequence_62,4,4
epigenomics,filtercontams_filtercontams_080603_ilmn-ga001_0003_205wwaaxx_taq1_s_3_sequence_63,4,4
epigenomics,filtercontams_filtercontams_080603_ilmn-ga001_0003_205wwaaxx_taq1_s_3_sequence_64,4,4
epigenomics,filtercontams_filtercontams_080603_ilmn-ga001_0003_205wwaaxx_taq1_s_3_sequence_65,4,4
epigenomics,filtercontams_filtercontams_080603_ilmn-ga001_0003_205wwaaxx_taq1_s_3_sequence_66,4,4
epigenomics,filtercontams_filtercontams_080603_ilmn-ga001_0003_205wwaaxx_taq1_s_3_sequence_67,4,4
epigenomics,filtercontams_filtercontams_080603_ilmn-ga001_0003_205wwaaxx_taq1_s_3_sequence_68,4,4
epigenomics,filtercontams_filtercontams_080603_ilmn-ga001_0003_205wwaaxx_taq1_s_3_sequence_69,4,4
epigenomics,map_map_080603_ilmn-ga001_0003_205wwaaxx_taq1_s_3_sequence_36,4,4
epigenomics,map_map_080603_ilmn-ga001_0003_205wwaaxx_taq1_s_3_sequence_37,4,4
epigenomics,map_map_080603_ilmn-ga001_0003_205wwaaxx_taq1_s_3_sequence_38,4,4
epigenomics,map_map_080603_ilmn-ga001_0003_205wwaaxx_taq1_s_3_sequence_39,4,4
epigenomics,map_map_080603_ilmn-ga001_0003_205wwaaxx_taq1_s_3_sequence_40,4,4
epigenomics,map_map_080603_ilmn-ga001_0003_205wwaaxx_taq1_s_3_sequence_41,4,4
epigenomics,map_map_080603_ilmn-ga001_0003_205wwaaxx_taq1_s_3_sequence_42,4,4
epigenomics,map_map_080603_ilmn-ga001_0003_205wwaaxx_taq1_s_3_sequence_43,4,4
epigenomics,map_map_080603_ilmn-ga001_0003_205wwaaxx_taq1_s_3_sequence_44,4,4
epigenomics,map_map_080603_ilmn-ga001_0003_205wwaaxx_taq1_s_3_sequence_45,4,4
epigenomics,map_map_080603_ilmn-ga001_0003_205wwaaxx_taq1_s_3_sequence_46,4,4
epigenomics,map_map_080603_ilmn-ga001_0003_205wwaaxx_taq1_s_3_sequence_47,4,4
epigenomics,map_map_080603_ilmn-ga001_0003_205wwaaxx_taq1_s_3_sequence_48,4,4
epigenomics,map_map_080603_ilmn-ga001_0003_205wwaaxx_taq1_s_3_sequence_49,4,4
epigenomics,map_map_080603_ilmn-ga001_0003_205wwaaxx_taq1_s_3_sequence_50,4,4
epigenomics,map_map_080603_ilmn-ga001_0003_205wwaaxx_taq1_s_3_sequence_51,4,4
epigenomics,map_map_080603_ilmn-ga001_0003_205wwaaxx_taq1_s_3_sequence_52,4,4
epigenomics,map_map_080603_ilmn-ga001_0003_205wwaaxx_taq1_s_3_sequence_53,4,4
epigenomics,map_map_080603_ilmn-ga001_0003_205wwaaxx_taq1_s_3_sequence_54,4,4
epigenomics,map_map_080603_ilmn-ga001_0003_205wwaaxx_taq1_s_3_sequence_55,4,4
epigenomics,map_map_080603_ilmn-ga001_0003_205wwaaxx_taq1_s_3_sequence_56,4,4
epigenomics,map_map_080603_ilmn-ga001_0003_205wwaaxx_taq1_s_3_sequence_57,4,4
epigenomics,map_map_080603_ilmn-ga001_0003_205wwaaxx_taq1_s_3_sequence_58,4,4
epigenomics,map_map_080603_ilmn-ga001_0003_205wwaaxx_taq1_s_3_sequence_59,4,4
epigenomics,map_map_080603_ilmn-ga001_0003_205wwaaxx_taq1_s_3_sequence_60,4,4
epigenomics,map_map_080603_ilmn-ga001_0003_205wwaaxx_taq1_s_3_sequence_61,4,4
epigenomics,map_map_080603_ilmn-ga001_0003_205wwaaxx_taq1_s_3_sequence_62,4,4
epigenomics,map_map_080603_ilmn-ga001_0003_205wwaaxx_taq1_s_3_sequence_63,4,4
epigenomics,map_map_080603_ilmn-ga001_0003_205wwaaxx_taq1_s_3_sequence_64,4,4
epigenomics,map_map_080603_ilmn-ga001_0003_205wwaaxx_taq1_s_3_sequence_65,4,4
epigenomics,map_map_080603_ilmn-ga001_0003_205wwaaxx_taq1_s_3_sequence_66,4,4
epigenomics,map_map_080603_ilmn-ga001_0003_205wwaaxx_taq1_s_3_sequence_67,4,4
epigenomics,map_map_080603_ilmn-ga001_0003_205wwaaxx_taq1_s_3_sequence_68,4,4
epigenomics,map_map_080603_ilmn-ga001_0003_205wwaaxx_taq1_s_3_sequence_69,4,4
epigenomics,sol2sanger_sol2sanger_080603_ilmn-ga001_0003_205wwaaxx_taq1_s_3_sequence_36,4,4
epigenomics,sol2sanger_sol2sanger_080603_ilmn-ga001_0003_205wwaaxx_taq1_s_3_sequence_37,4,4
epigenomics,sol2sanger_sol2sanger_080603_ilmn-ga001_0003_205wwaaxx_taq1_s_3_sequence_38,4,4
epigenomics,sol2sanger_sol2sanger_080603_ilmn-ga001_0003_205wwaaxx_taq1_s_3_sequence_39,4,4
epigenomics,sol2sanger_sol2sanger_080603_ilmn-ga001_0003_205wwaaxx_taq1_s_3_sequence_40,4,4
epigenomics,sol2sanger_sol2sanger_080603_ilmn-ga001_0003_205wwaaxx_taq1_s_3_sequence_41,4,4
epigenomics,sol2sanger_sol2sanger_080603_ilmn-ga001_0003_205wwaaxx_taq1_s_3_sequence_42,4,4
epigenomics,sol2sanger_sol2sanger_080603_ilmn-ga001_0003_205wwaaxx_taq1_s_3_sequence_43,4,4
epigenomics,sol2sanger_sol2sanger_080603_ilmn-ga001_0003_205wwaaxx_taq1_s_3_sequence_44,4,4
epigenomics,sol2sanger_sol2sanger_080603_ilmn-ga001_0003_205wwaaxx_taq1_s_3_sequence_45,4,4
epigenomics,sol2sanger_sol2sanger_080603_ilmn-ga001_0003_205wwaaxx_taq1_s_3_sequence_46,4,4
epigenomics,sol2sanger_sol2sanger_080603_ilmn-ga001_0003_205wwaaxx_taq1_s_3_sequence_47,4,4
epigenomics,sol2sanger_sol2sanger_080603_ilmn-ga001_0003_205wwaaxx_taq1_s_3_sequence_48,4,4
epigenomics,sol2sanger_sol2sanger_080603_ilmn-ga001_0003_205wwaaxx_taq1_s_3_sequence_49,4,4
epigenomics,sol2sanger_sol2sanger_080603_ilmn-ga001_0003_205wwaaxx_taq1_s_3_sequence_50,4,4
epigenomics,sol2sanger_sol2sanger_080603_ilmn-ga001_0003_205wwaaxx_taq1_s_3_sequence_51,4,4
epigenomics,sol2sanger_sol2sanger_080603_ilmn-ga001_0003_205wwaaxx_taq1_s_3_sequence_52,4,4
epigenomics,sol2sanger_sol2sanger_080603_ilmn-ga001_0003_205wwaaxx_taq1_s_3_sequence_53,4,4
epigenomics,sol2sanger_sol2sanger_080603_ilmn-ga001_0003_205wwaaxx_taq1_s_3_sequence_54,4,4
epigenomics,sol2sanger_sol2sanger_080603_ilmn-ga001_0003_205wwaaxx_taq1_s_3_sequence_55,4,4
epigenomics,sol2sanger_sol2sanger_080603_ilmn-ga001_0003_205wwaaxx_taq1_s_3_sequence_56,4,4
epigenomics,sol2sanger_sol2sanger_080603_ilmn-ga001_0003_205wwaaxx_taq1_s_3_sequence_57,4,4
epigenomics,sol2sanger_sol2sanger_080603_ilmn-ga001_0003_205wwaaxx_taq1_s_3_sequence_58,4,4
epigenomics,sol2sanger_sol2sanger_080603_ilmn-ga001_0003_205wwaaxx_taq1_s_3_sequence_59,4,4
epigenomics,sol2sanger_sol2sanger_080603_ilmn-ga001_0003_205wwaaxx_taq1_s_3_sequence_60,4,4
epigenomics,sol2sanger_sol2sanger_080603_ilmn-ga001_0003_205wwaaxx_taq1_s_3_sequence_61,4,4
epigenomics,sol2sanger_sol2sanger_080603_ilmn-ga001_0003_205wwaaxx_taq1_s_3_sequence_62,4,4
epigenomics,sol2sanger_sol2sanger_080603_ilmn-ga001_0003_205wwaaxx_taq1_s_3_sequence_63,4,4
epigenomics,sol2sanger_sol2sanger_080603_ilmn-ga001_0003_205wwaaxx_taq1_s_3_sequence_64,4,4
epigenomics,sol2sanger_sol2sanger_080603_ilmn-ga001_0003_205wwaaxx_taq1_s_3_sequence_65,4,4
epigenomics,sol2sanger_sol2sanger_080603_ilmn-ga001_0003_205wwaaxx_taq1_s_3_sequence_66,4,4
epigenomics,sol2sanger_sol2sanger_080603_ilmn-ga001_0003_205wwaaxx_taq1_s_3_sequence_67,4,4
epigenomics,sol2sanger_sol2sanger_080603_ilmn-ga001_0003_205wwaaxx_taq1_s_3_sequence_68,4,4
epigenomics,sol2sanger_sol2sanger_080603_ilmn-ga001_0003_205wwaaxx_taq1_s_3_sequence_69,4,4
epigenomics,fast2bfq_fast2bfq_080603_ilmn-ga001_0003_205wwaaxx_taq1_s_6_sequence_1,4,4
epigenomics,fast2bfq_fast2bfq_080603_ilmn-ga001_0003_205wwaaxx_taq1_s_6_sequence_10,4,4
epigenomics,fast2bfq_fast2bfq_080603_ilmn-ga001_0003_205wwaaxx_taq1_s_6_sequence_11,4,4
epigenomics,fast2bfq_fast2bfq_080603_ilmn-ga001_0003_205wwaaxx_taq1_s_6_sequence_12,4,4
epigenomics,fast2bfq_fast2bfq_080603_ilmn-ga001_0003_205wwaaxx_taq1_s_6_sequence_13,4,4
epigenomics,fast2bfq_fast2bfq_080603_ilmn-ga001_0003_205wwaaxx_taq1_s_6_sequence_14,4,4
epigenomics,fast2bfq_fast2bfq_080603_ilmn-ga001_0003_205wwaaxx_taq1_s_6_sequence_15,4,4
epigenomics,fast2bfq_fast2bfq_080603_ilmn-ga001_0003_205wwaaxx_taq1_s_6_sequence_16,4,4
epigenomics,fast2bfq_fast2bfq_080603_ilmn-ga001_0003_205wwaaxx_taq1_s_6_sequence_17,4,4
epigenomics,fast2bfq_fast2bfq_080603_ilmn-ga001_0003_205wwaaxx_taq1_s_6_sequence_18,4,4
epigenomics,fast2bfq_fast2bfq_080603_ilmn-ga001_0003_205wwaaxx_taq1_s_6_sequence_19,4,4
epigenomics,fast2bfq_fast2bfq_080603_ilmn-ga001_0003_205wwaaxx_taq1_s_6_sequence_2,4,4
epigenomics,fast2bfq_fast2bfq_080603_ilmn-ga001_0003_205wwaaxx_taq1_s_6_sequence_20,4,4
epigenomics,fast2bfq_fast2bfq_080603_ilmn-ga001_0003_205wwaaxx_taq1_s_6_sequence_21,4,4
epigenomics,fast2bfq_fast2bfq_080603_ilmn-ga001_0003_205wwaaxx_taq1_s_6_sequence_22,4,4
epigenomics,fast2bfq_fast2bfq_080603_ilmn-ga001_0003_205wwaaxx_taq1_s_6_sequence_23,4,4
epigenomics,fast2bfq_fast2bfq_080603_ilmn-ga001_0003_205wwaaxx_taq1_s_6_sequence_24,4,4
epigenomics,fast2bfq_fast2bfq_080603_ilmn-ga001_0003_205wwaaxx_taq1_s_6_sequence_25,4,4
epigenomics,fast2bfq_fast2bfq_080603_ilmn-ga001_0003_205wwaaxx_taq1_s_6_sequence_26,4,4
epigenomics,fast2bfq_fast2bfq_080603_ilmn-ga001_0003_205wwaaxx_taq1_s_6_sequence_27,4,4
epigenomics,fast2bfq_fast2bfq_080603_ilmn-ga001_0003_205wwaaxx_taq1_s_6_sequence_28,4,4
epigenomics,fast2bfq_fast2bfq_080603_ilmn-ga001_0003_205wwaaxx_taq1_s_6_sequence_29,4,4
epigenomics,fast2bfq_fast2bfq_080603_ilmn-ga001_0003_205wwaaxx_taq1_s_6_sequence_3,4,4
epigenomics,fast2bfq_fast2bfq_080603_ilmn-ga001_0003_205wwaaxx_taq1_s_6_sequence_30,4,4
epigenomics,fast2bfq_fast2bfq_080603_ilmn-ga001_0003_205wwaaxx_taq1_s_6_sequence_31,4,4
epigenomics,fast2bfq_fast2bfq_080603_ilmn-ga001_0003_205wwaaxx_taq1_s_6_sequence_32,4,4
epigenomics,fast2bfq_fast2bfq_080603_ilmn-ga001_0003_205wwaaxx_taq1_s_6_sequence_33,4,4
epigenomics,fast2bfq_fast2bfq_080603_ilmn-ga001_0003_205wwaaxx_taq1_s_6_sequence_34,4,4
epigenomics,fast2bfq_fast2bfq_080603_ilmn-ga001_0003_205wwaaxx_taq1_s_6_sequence_35,4,4
epigenomics,fast2bfq_fast2bfq_080603_ilmn-ga001_0003_205wwaaxx_taq1_s_6_sequence_36,4,4
epigenomics,fast2bfq_fast2bfq_080603_ilmn-ga001_0003_205wwaaxx_taq1_s_6_sequence_37,4,4
epigenomics,fast2bfq_fast2bfq_080603_ilmn-ga001_0003_205wwaaxx_taq1_s_6_sequence_38,4,4
epigenomics,fast2bfq_fast2bfq_080603_ilmn-ga001_0003_205wwaaxx_taq1_s_6_sequence_4,4,4
epigenomics,fast2bfq_fast2bfq_080603_ilmn-ga001_0003_205wwaaxx_taq1_s_6_sequence_5,4,4
epigenomics,fast2bfq_fast2bfq_080603_ilmn-ga001_0003_205wwaaxx_taq1_s_6_sequence_6,4,4
epigenomics,fast2bfq_fast2bfq_080603_ilmn-ga001_0003_205wwaaxx_taq1_s_6_sequence_7,4,4
epigenomics,fast2bfq_fast2bfq_080603_ilmn-ga001_0003_205wwaaxx_taq1_s_6_sequence_8,4,4
epigenomics,fast2bfq_fast2bfq_080603_ilmn-ga001_0003_205wwaaxx_taq1_s_6_sequence_9,4,4
epigenomics,filtercontams_filtercontams_080603_ilmn-ga001_0003_205wwaaxx_taq1_s_6_sequence_1,4,4
epigenomics,filtercontams_filtercontams_080603_ilmn-ga001_0003_205wwaaxx_taq1_s_6_sequence_10,4,4
epigenomics,filtercontams_filtercontams_080603_ilmn-ga001_0003_205wwaaxx_taq1_s_6_sequence_11,4,4
epigenomics,filtercontams_filtercontams_080603_ilmn-ga001_0003_205wwaaxx_taq1_s_6_sequence_12,4,4
epigenomics,filtercontams_filtercontams_080603_ilmn-ga001_0003_205wwaaxx_taq1_s_6_sequence_13,4,4
epigenomics,filtercontams_filtercontams_080603_ilmn-ga001_0003_205wwaaxx_taq1_s_6_sequence_14,4,4
epigenomics,filtercontams_filtercontams_080603_ilmn-ga001_0003_205wwaaxx_taq1_s_6_sequence_15,4,4
epigenomics,filtercontams_filtercontams_080603_ilmn-ga001_0003_205wwaaxx_taq1_s_6_sequence_16,4,4
epigenomics,filtercontams_filtercontams_080603_ilmn-ga001_0003_205wwaaxx_taq1_s_6_sequence_17,4,4
epigenomics,filtercontams_filtercontams_080603_ilmn-ga001_0003_205wwaaxx_taq1_s_6_sequence_18,4,4
epigenomics,filtercontams_filtercontams_080603_ilmn-ga001_0003_205wwaaxx_taq1_s_6_sequence_19,4,4
epigenomics,filtercontams_filtercontams_080603_ilmn-ga001_0003_205wwaaxx_taq1_s_6_sequence_2,4,4
epigenomics,filtercontams_filtercontams_080603_ilmn-ga001_0003_205wwaaxx_taq1_s_6_sequence_20,4,4
epigenomics,filtercontams_filtercontams_080603_ilmn-ga001_0003_205wwaaxx_taq1_s_6_sequence_21,4,4
epigenomics,filtercontams_filtercontams_080603_ilmn-ga001_0003_205wwaaxx_taq1_s_6_sequence_22,4,4
epigenomics,filtercontams_filtercontams_080603_ilmn-ga001_0003_205wwaaxx_taq1_s_6_sequence_23,4,4
epigenomics,filtercontams_filtercontams_080603_ilmn-ga001_0003_205wwaaxx_taq1_s_6_sequence_24,4,4
epigenomics,filtercontams_filtercontams_080603_ilmn-ga001_0003_205wwaaxx_taq1_s_6_sequence_25,4,4
epigenomics,filtercontams_filtercontams_080603_ilmn-ga001_0003_205wwaaxx_taq1_s_6_sequence_26,4,4
epigenomics,filtercontams_filtercontams_080603_ilmn-ga001_0003_205wwaaxx_taq1_s_6_sequence_27,4,4
epigenomics,filtercontams_filtercontams_080603_ilmn-ga001_0003_205wwaaxx_taq1_s_6_sequence_28,4,4
epigenomics,filtercontams_filtercontams_080603_ilmn-ga001_0003_205wwaaxx_taq1_s_6_sequence_29,4,4
epigenomics,filtercontams_filtercontams_080603_ilmn-ga001_0003_205wwaaxx_taq1_s_6_sequence_3,4,4
epigenomics,filtercontams_filtercontams_080603_ilmn-ga001_0003_205wwaaxx_taq1_s_6_sequence_30,4,4
epigenomics,filtercontams_filtercontams_080603_ilmn-ga001_0003_205wwaaxx_taq1_s_6_sequence_31,4,4
epigenomics,filtercontams_filtercontams_080603_ilmn-ga001_0003_205wwaaxx_taq1_s_6_sequence_32,4,4
epigenomics,filtercontams_filtercontams_080603_ilmn-ga001_0003_205wwaaxx_taq1_s_6_sequence_33,4,4
epigenomics,filtercontams_filtercontams_080603_ilmn-ga001_0003_205wwaaxx_taq1_s_6_sequence_34,4,4
epigenomics,filtercontams_filtercontams_080603_ilmn-ga001_0003_205wwaaxx_taq1_s_6_sequence_35,4,4
epigenomics,filtercontams_filtercontams_080603_ilmn-ga001_0003_205wwaaxx_taq1_s_6_sequence_36,4,4
epigenomics,filtercontams_filtercontams_080603_ilmn-ga001_0003_205wwaaxx_taq1_s_6_sequence_37,4,4
epigenomics,filtercontams_filtercontams_080603_ilmn-ga001_0003_205wwaaxx_taq1_s_6_sequence_38,4,4
epigenomics,filtercontams_filtercontams_080603_ilmn-ga001_0003_205wwaaxx_taq1_s_6_sequence_4,4,4
epigenomics,filtercontams_filtercontams_080603_ilmn-ga001_0003_205wwaaxx_taq1_s_6_sequence_5,4,4
epigenomics,filtercontams_filtercontams_080603_ilmn-ga001_0003_205wwaaxx_taq1_s_6_sequence_6,4,4
epigenomics,filtercontams_filtercontams_080603_ilmn-ga001_0003_205wwaaxx_taq1_s_6_sequence_7,4,4
epigenomics,filtercontams_filtercontams_080603_ilmn-ga001_0003_205wwaaxx_taq1_s_6_sequence_8,4,4
epigenomics,filtercontams_filtercontams_080603_ilmn-ga001_0003_205wwaaxx_taq1_s_6_sequence_9,4,4
epigenomics,map_map_080603_ilmn-ga001_0003_205wwaaxx_taq1_s_6_sequence_1,4,4
epigenomics,map_map_080603_ilmn-ga001_0003_205wwaaxx_taq1_s_6_sequence_10,4,4
epigenomics,map_map_080603_ilmn-ga001_0003_205wwaaxx_taq1_s_6_sequence_11,4,4
epigenomics,map_map_080603_ilmn-ga001_0003_205wwaaxx_taq1_s_6_sequence_12,4,4
epigenomics,map_map_080603_ilmn-ga001_0003_205wwaaxx_taq1_s_6_sequence_13,4,4
epigenomics,map_map_080603_ilmn-ga001_0003_205wwaaxx_taq1_s_6_sequence_14,4,4
epigenomics,map_map_080603_ilmn-ga001_0003_205wwaaxx_taq1_s_6_sequence_15,4,4
epigenomics,map_map_080603_ilmn-ga001_0003_205wwaaxx_taq1_s_6_sequence_16,4,4
epigenomics,map_map_080603_ilmn-ga001_0003_205wwaaxx_taq1_s_6_sequence_17,4,4
epigenomics,map_map_080603_ilmn-ga001_0003_205wwaaxx_taq1_s_6_sequence_18,4,4
epigenomics,map_map_080603_ilmn-ga001_0003_205wwaaxx_taq1_s_6_sequence_19,4,4
epigenomics,map_map_080603_ilmn-ga001_0003_205wwaaxx_taq1_s_6_sequence_2,4,4
epigenomics,map_map_080603_ilmn-ga001_0003_205wwaaxx_taq1_s_6_sequence_20,4,4
epigenomics,map_map_080603_ilmn-ga001_0003_205wwaaxx_taq1_s_6_sequence_21,4,4
epigenomics,map_map_080603_ilmn-ga001_0003_205wwaaxx_taq1_s_6_sequence_22,4,4
epigenomics,map_map_080603_ilmn-ga001_0003_205wwaaxx_taq1_s_6_sequence_23,4,4
epigenomics,map_map_080603_ilmn-ga001_0003_205wwaaxx_taq1_s_6_sequence_24,4,4
epigenomics,map_map_080603_ilmn-ga001_0003_205wwaaxx_taq1_s_6_sequence_25,4,4
epigenomics,map_map_080603_ilmn-ga001_0003_205wwaaxx_taq1_s_6_sequence_26,4,4
epigenomics,map_map_080603_ilmn-ga001_0003_205wwaaxx_taq1_s_6_sequence_27,4,4
epigenomics,map_map_080603_ilmn-ga001_0003_205wwaaxx_taq1_s_6_sequence_28,4,4
epigenomics,map_map_080603_ilmn-ga001_0003_205wwaaxx_taq1_s_6_sequence_29,4,4
epigenomics,map_map_080603_ilmn-ga001_0003_205wwaaxx_taq1_s_6_sequence_3,4,4
epigenomics,map_map_080603_ilmn-ga001_0003_205wwaaxx_taq1_s_6_sequence_30,4,4
epigenomics,map_map_080603_ilmn-ga001_0003_205wwaaxx_taq1_s_6_sequence_31,4,4
epigenomics,map_map_080603_ilmn-ga001_0003_205wwaaxx_taq1_s_6_sequence_32,4,4
epigenomics,map_map_080603_ilmn-ga001_0003_205wwaaxx_taq1_s_6_sequence_33,4,4
epigenomics,map_map_080603_ilmn-ga001_0003_205wwaaxx_taq1_s_6_sequence_34,4,4
epigenomics,map_map_080603_ilmn-ga001_0003_205wwaaxx_taq1_s_6_sequence_35,4,4
epigenomics,map_map_080603_ilmn-ga001_0003_205wwaaxx_taq1_s_6_sequence_36,4,4
epigenomics,map_map_080603_ilmn-ga001_0003_205wwaaxx_taq1_s_6_sequence_37,4,4
epigenomics,map_map_080603_ilmn-ga001_0003_205wwaaxx_taq1_s_6_sequence_38,4,4
epigenomics,map_map_080603_ilmn-ga001_0003_205wwaaxx_taq1_s_6_sequence_4,4,4
epigenomics,map_map_080603_ilmn-ga001_0003_205wwaaxx_taq1_s_6_sequence_5,4,4
epigenomics,map_map_080603_ilmn-ga001_0003_205wwaaxx_taq1_s_6_sequence_6,4,4
epigenomics,map_map_080603_ilmn-ga001_0003_205wwaaxx_taq1_s_6_sequence_7,4,4
epigenomics,map_map_080603_ilmn-ga001_0003_205wwaaxx_taq1_s_6_sequence_8,4,4
epigenomics,map_map_080603_ilmn-ga001_0003_205wwaaxx_taq1_s_6_sequence_9,4,4
epigenomics,sol2sanger_sol2sanger_080603_ilmn-ga001_0003_205wwaaxx_taq1_s_6_sequence_1,4,4
epigenomics,sol2sanger_sol2sanger_080603_ilmn-ga001_0003_205wwaaxx_taq1_s_6_sequence_10,4,4
epigenomics,sol2sanger_sol2sanger_080603_ilmn-ga001_0003_205wwaaxx_taq1_s_6_sequence_11,4,4
epigenomics,sol2sanger_sol2sanger_080603_ilmn-ga001_0003_205wwaaxx_taq1_s_6_sequence_12,4,4
epigenomics,sol2sanger_sol2sanger_080603_ilmn-ga001_0003_205wwaaxx_taq1_s_6_sequence_13,4,4
epigenomics,sol2sanger_sol2sanger_080603_ilmn-ga001_0003_205wwaaxx_taq1_s_6_sequence_14,4,4
epigenomics,sol2sanger_sol2sanger_080603_ilmn-ga001_0003_205wwaaxx_taq1_s_6_sequence_15,4,4
epigenomics,sol2sanger_sol2sanger_080603_ilmn-ga001_0003_205wwaaxx_taq1_s_6_sequence_16,4,4
epigenomics,sol2sanger_sol2sanger_080603_ilmn-ga001_0003_205wwaaxx_taq1_s_6_sequence_17,4,4
epigenomics,sol2sanger_sol2sanger_080603_ilmn-ga001_0003_205wwaaxx_taq1_s_6_sequence_18,4,4
epigenomics,sol2sanger_sol2sanger_080603_ilmn-ga001_0003_205wwaaxx_taq1_s_6_sequence_19,4,4
epigenomics,sol2sanger_sol2sanger_080603_ilmn-ga001_0003_205wwaaxx_taq1_s_6_sequence_2,4,4
epigenomics,sol2sanger_sol2sanger_080603_ilmn-ga001_0003_205wwaaxx_taq1_s_6_sequence_20,4,4
epigenomics,sol2sanger_sol2sanger_080603_ilmn-ga001_0003_205wwaaxx_taq1_s_6_sequence_21,4,4
epigenomics,sol2sanger_sol2sanger_080603_ilmn-ga001_0003_205wwaaxx_taq1_s_6_sequence_22,4,4
epigenomics,sol2sanger_sol2sanger_080603_ilmn-ga001_0003_205wwaaxx_taq1_s_6_sequence_23,4,4
epigenomics,sol2sanger_sol2sanger_080603_ilmn-ga001_0003_205wwaaxx_taq1_s_6_sequence_24,4,4
epigenomics,sol2sanger_sol2sanger_080603_ilmn-ga001_0003_205wwaaxx_taq1_s_6_sequence_25,4,4
epigenomics,sol2sanger_sol2sanger_080603_ilmn-ga001_0003_205wwaaxx_taq1_s_6_sequence_26,4,4
epigenomics,sol2sanger_sol2sanger_080603_ilmn-ga001_0003_205wwaaxx_taq1_s_6_sequence_27,4,4
epigenomics,sol2sanger_sol2sanger_080603_ilmn-ga001_0003_205wwaaxx_taq1_s_6_sequence_28,4,4
epigenomics,sol2sanger_sol2sanger_080603_ilmn-ga001_0003_205wwaaxx_taq1_s_6_sequence_29,4,4
epigenomics,sol2sanger_sol2sanger_080603_ilmn-ga001_0003_205wwaaxx_taq1_s_6_sequence_3,4,4
epigenomics,sol2sanger_sol2sanger_080603_ilmn-ga001_0003_205wwaaxx_taq1_s_6_sequence_30,4,4
epigenomics,sol2sanger_sol2sanger_080603_ilmn-ga001_0003_205wwaaxx_taq1_s_6_sequence_31,4,4
epigenomics,sol2sanger_sol2sanger_080603_ilmn-ga001_0003_205wwaaxx_taq1_s_6_sequence_32,4,4
epigenomics,sol2sanger_sol2sanger_080603_ilmn-ga001_0003_205wwaaxx_taq1_s_6_sequence_33,4,4
epigenomics,sol2sanger_sol2sanger_080603_ilmn-ga001_0003_205wwaaxx_taq1_s_6_sequence_34,4,4
epigenomics,sol2sanger_sol2sanger_080603_ilmn-ga001_0003_205wwaaxx_taq1_s_6_sequence_35,4,4
epigenomics,sol2sanger_sol2sanger_080603_ilmn-ga001_0003_205wwaaxx_taq1_s_6_sequence_36,4,4
epigenomics,sol2sanger_sol2sanger_080603_ilmn-ga001_0003_205wwaaxx_taq1_s_6_sequence_37,4,4
epigenomics,sol2sanger_sol2sanger_080603_ilmn-ga001_0003_205wwaaxx_taq1_s_6_sequence_38,4,4
epigenomics,sol2sanger_sol2sanger_080603_ilmn-ga001_0003_205wwaaxx_taq1_s_6_sequence_4,4,4
epigenomics,sol2sanger_sol2sanger_080603_ilmn-ga001_0003_205wwaaxx_taq1_s_6_sequence_5,4,4
epigenomics,sol2sanger_sol2sanger_080603_ilmn-ga001_0003_205wwaaxx_taq1_s_6_sequence_6,4,4
epigenomics,sol2sanger_sol2sanger_080603_ilmn-ga001_0003_205wwaaxx_taq1_s_6_sequence_7,4,4
epigenomics,sol2sanger_sol2sanger_080603_ilmn-ga001_0003_205wwaaxx_taq1_s_6_sequence_8,4,4
epigenomics,sol2sanger_sol2sanger_080603_ilmn-ga001_0003_205wwaaxx_taq1_s_6_sequence_9,4,4
epigenomics,fast2bfq_fast2bfq_hep2_msp1_digests_s_5_sequence_19,3,3
epigenomics,fast2bfq_fast2bfq_hep2_msp1_digests_s_5_sequence_20,3,3
epigenomics,fast2bfq_fast2bfq_hep2_msp1_digests_s_5_sequence_21,3,3
epigenomics,fast2bfq_fast2bfq_hep2_msp1_digests_s_5_sequence_22,3,3
epigenomics,fast2bfq_fast2bfq_hep2_msp1_digests_s_5_sequence_23,3,3
epigenomics,fast2bfq_fast2bfq_hep2_msp1_digests_s_5_sequence_24,3,3
epigenomics,fast2bfq_fast2bfq_hep2_msp1_digests_s_5_sequence_25,3,3
epigenomics,fast2bfq_fast2bfq_hep2_msp1_digests_s_5_sequence_26,3,3
epigenomics,fast2bfq_fast2bfq_hep2_msp1_digests_s_5_sequence_27,3,3
epigenomics,fast2bfq_fast2bfq_hep2_msp1_digests_s_5_sequence_28,3,3
epigenomics,fast2bfq_fast2bfq_hep2_msp1_digests_s_5_sequence_29,3,3
epigenomics,fast2bfq_fast2bfq_hep2_msp1_digests_s_5_sequence_30,3,3
epigenomics,fast2bfq_fast2bfq_hep2_msp1_digests_s_5_sequence_31,3,3
epigenomics,fast2bfq_fast2bfq_hep2_msp1_digests_s_5_sequence_32,3,3
epigenomics,fast2bfq_fast2bfq_hep2_msp1_digests_s_5_sequence_33,3,3
epigenomics,fast2bfq_fast2bfq_hep2_msp1_digests_s_5_sequence_34,3,3
epigenomics,fast2bfq_fast2bfq_hep2_msp1_digests_s_5_sequence_35,3,3
epigenomics,fast2bfq_fast2bfq_hep2_msp1_digests_s_5_sequence_36,3,3
epigenomics,filtercontams_filtercontams_hep2_msp1_digests_s_5_sequence_19,3,3
epigenomics,filtercontams_filtercontams_hep2_msp1_digests_s_5_sequence_20,3,3
epigenomics,filtercontams_filtercontams_hep2_msp1_digests_s_5_sequence_21,3,3
epigenomics,filtercontams_filtercontams_hep2_msp1_digests_s_5_sequence_22,3,3
epigenomics,filtercontams_filtercontams_hep2_msp1_digests_s_5_sequence_23,3,3
epigenomics,filtercontams_filtercontams_hep2_msp1_digests_s_5_sequence_24,3,3
epigenomics,filtercontams_filtercontams_hep2_msp1_digests_s_5_sequence_25,3,3
epigenomics,filtercontams_filtercontams_hep2_msp1_digests_s_5_sequence_26,3,3
epigenomics,filtercontams_filtercontams_hep2_msp1_digests_s_5_sequence_27,3,3
epigenomics,filtercontams_filtercontams_hep2_msp1_digests_s_5_sequence_28,3,3
epigenomics,filtercontams_filtercontams_hep2_msp1_digests_s_5_sequence_29,3,3
epigenomics,filtercontams_filtercontams_hep2_msp1_digests_s_5_sequence_30,3,3
epigenomics,filtercontams_filtercontams_hep2_msp1_digests_s_5_sequence_31,3,3
epigenomics,filtercontams_filtercontams_hep2_msp1_digests_s_5_sequence_32,3,3
epigenomics,filtercontams_filtercontams_hep2_msp1_digests_s_5_sequence_33,3,3
epigenomics,filtercontams_filtercontams_hep2_msp1_digests_s_5_sequence_34,3,3
epigenomics,filtercontams_filtercontams_hep2_msp1_digests_s_5_sequence_35,3,3
epigenomics,filtercontams_filtercontams_hep2_msp1_digests_s_5_sequence_36,3,3
epigenomics,map_map_hep2_msp1_digests_s_5_sequence_19,3,3
epigenomics,map_map_hep2_msp1_digests_s_5_sequence_20,3,3
epigenomics,map_map_hep2_msp1_digests_s_5_sequence_21,3,3
epigenomics,map_map_hep2_msp1_digests_s_5_sequence_22,3,3
epigenomics,map_map_hep2_msp1_digests_s_5_sequence_23,3,3
epigenomics,map_map_hep2_msp1_digests_s_5_sequence_24,3,3
epigenomics,map_map_hep2_msp1_digests_s_5_sequence_25,3,3
epigenomics,map_map_hep2_msp1_digests_s_5_sequence_26,3,3
epigenomics,map_map_hep2_msp1_digests_s_5_sequence_27,3,3
epigenomics,map_map_hep2_msp1_digests_s_5_sequence_28,3,3
epigenomics,map_map_hep2_msp1_digests_s_5_sequence_29,3,3
epigenomics,map_map_hep2_msp1_digests_s_5_sequence_30,3,3
epigenomics,map_map_hep2_msp1_digests_s_5_sequence_31,3,3
epigenomics,map_map_hep2_msp1_digests_s_5_sequence_32,3,3
epigenomics,map_map_hep2_msp1_digests_s_5_sequence_33,3,3
epigenomics,map_map_hep2_msp1_digests_s_5_sequence_34,3,3
epigenomics,map_map_hep2_msp1_digests_s_5_sequence_35,3,3
epigenomics,map_map_hep2_msp1_digests_s_5_sequence_36,3,3
epigenomics,sol2sanger_sol2sanger_hep2_msp1_digests_s_5_sequence_19,3,3
epigenomics,sol2sanger_sol2sanger_hep2_msp1_digests_s_5_sequence_20,3,3
epigenomics,sol2sanger_sol2sanger_hep2_msp1_digests_s_5_sequence_21,3,3
epigenomics,sol2sanger_sol2sanger_hep2_msp1_digests_s_5_sequence_22,3,3
epigenomics,sol2sanger_sol2sanger_hep2_msp1_digests_s_5_sequence_23,3,3
epigenomics,sol2sanger_sol2sanger_hep2_msp1_digests_s_5_sequence_24,3,3
epigenomics,sol2sanger_sol2sanger_hep2_msp1_digests_s_5_sequence_25,3,3
epigenomics,sol2sanger_sol2sanger_hep2_msp1_digests_s_5_sequence_26,3,3
epigenomics,sol2sanger_sol2sanger_hep2_msp1_digests_s_5_sequence_27,3,3
epigenomics,sol2sanger_sol2sanger_hep2_msp1_digests_s_5_sequence_28,3,3
epigenomics,sol2sanger_sol2sanger_hep2_msp1_digests_s_5_sequence_29,3,3
epigenomics,sol2sanger_sol2sanger_hep2_msp1_digests_s_5_sequence_30,3,3
epigenomics,sol2sanger_sol2sanger_hep2_msp1_digests_s_5_sequence_31,3,3
epigenomics,sol2sanger_sol2sanger_hep2_msp1_digests_s_5_sequence_32,3,3
epigenomics,sol2sanger_sol2sanger_hep2_msp1_digests_s_5_sequence_33,3,3
epigenomics,sol2sanger_sol2sanger_hep2_msp1_digests_s_5_sequence_34,3,3
epigenomics,sol2sanger_sol2sanger_hep2_msp1_digests_s_5_sequence_35,3,3
epigenomics,sol2sanger_sol2sanger_hep2_msp1_digests_s_5_sequence_36,3,3
epigenomics,fast2bfq_fast2bfq_080603_ilmn-ga001_0003_205wwaaxx_taq1_s_5_sequence_39,3,3
epigenomics,fast2bfq_fast2bfq_080603_ilmn-ga001_0003_205wwaaxx_taq1_s_5_sequence_40,3,3
epigenomics,fast2bfq_fast2bfq_080603_ilmn-ga001_0003_205wwaaxx_taq1_s_5_sequence_41,3,3
epigenomics,fast2bfq_fast2bfq_080603_ilmn-ga001_0003_205wwaaxx_taq1_s_5_sequence_42,3,3
epigenomics,fast2bfq_fast2bfq_080603_ilmn-ga001_0003_205wwaaxx_taq1_s_5_sequence_43,3,3
epigenomics,fast2bfq_fast2bfq_080603_ilmn-ga001_0003_205wwaaxx_taq1_s_5_sequence_44,3,3
epigenomics,fast2bfq_fast2bfq_080603_ilmn-ga001_0003_205wwaaxx_taq1_s_5_sequence_45,3,3
epigenomics,fast2bfq_fast2bfq_080603_ilmn-ga001_0003_205wwaaxx_taq1_s_5_sequence_46,3,3
epigenomics,fast2bfq_fast2bfq_080603_ilmn-ga001_0003_205wwaaxx_taq1_s_5_sequence_47,3,3
epigenomics,fast2bfq_fast2bfq_080603_ilmn-ga001_0003_205wwaaxx_taq1_s_5_sequence_48,3,3
epigenomics,fast2bfq_fast2bfq_080603_ilmn-ga001_0003_205wwaaxx_taq1_s_5_sequence_49,3,3
epigenomics,fast2bfq_fast2bfq_080603_ilmn-ga001_0003_205wwaaxx_taq1_s_5_sequence_50,3,3
epigenomics,fast2bfq_fast2bfq_080603_ilmn-ga001_0003_205wwaaxx_taq1_s_5_sequence_51,3,3
epigenomics,fast2bfq_fast2bfq_080603_ilmn-ga001_0003_205wwaaxx_taq1_s_5_sequence_52,3,3
epigenomics,fast2bfq_fast2bfq_080603_ilmn-ga001_0003_205wwaaxx_taq1_s_5_sequence_53,3,3
epigenomics,fast2bfq_fast2bfq_080603_ilmn-ga001_0003_205wwaaxx_taq1_s_5_sequence_54,3,3
epigenomics,fast2bfq_fast2bfq_080603_ilmn-ga001_0003_205wwaaxx_taq1_s_5_sequence_55,3,3
epigenomics,fast2bfq_fast2bfq_080603_ilmn-ga001_0003_205wwaaxx_taq1_s_5_sequence_56,3,3
epigenomics,fast2bfq_fast2bfq_080603_ilmn-ga001_0003_205wwaaxx_taq1_s_5_sequence_57,3,3
epigenomics,fast2bfq_fast2bfq_080603_ilmn-ga001_0003_205wwaaxx_taq1_s_5_sequence_58,3,3
epigenomics,fast2bfq_fast2bfq_080603_ilmn-ga001_0003_205wwaaxx_taq1_s_5_sequence_59,3,3
epigenomics,fast2bfq_fast2bfq_080603_ilmn-ga001_0003_205wwaaxx_taq1_s_5_sequence_60,3,3
epigenomics,fast2bfq_fast2bfq_080603_ilmn-ga001_0003_205wwaaxx_taq1_s_5_sequence_61,3,3
epigenomics,fast2bfq_fast2bfq_080603_ilmn-ga001_0003_205wwaaxx_taq1_s_5_sequence_62,3,3
epigenomics,fast2bfq_fast2bfq_080603_ilmn-ga001_0003_205wwaaxx_taq1_s_5_sequence_63,3,3
epigenomics,fast2bfq_fast2bfq_080603_ilmn-ga001_0003_205wwaaxx_taq1_s_5_sequence_64,3,3
epigenomics,fast2bfq_fast2bfq_080603_ilmn-ga001_0003_205wwaaxx_taq1_s_5_sequence_65,3,3
epigenomics,fast2bfq_fast2bfq_080603_ilmn-ga001_0003_205wwaaxx_taq1_s_5_sequence_66,3,3
epigenomics,fast2bfq_fast2bfq_080603_ilmn-ga001_0003_205wwaaxx_taq1_s_5_sequence_67,3,3
epigenomics,fast2bfq_fast2bfq_080603_ilmn-ga001_0003_205wwaaxx_taq1_s_5_sequence_68,3,3
epigenomics,fast2bfq_fast2bfq_080603_ilmn-ga001_0003_205wwaaxx_taq1_s_5_sequence_69,3,3
epigenomics,fast2bfq_fast2bfq_080603_ilmn-ga001_0003_205wwaaxx_taq1_s_5_sequence_70,3,3
epigenomics,fast2bfq_fast2bfq_080603_ilmn-ga001_0003_205wwaaxx_taq1_s_5_sequence_71,3,3
epigenomics,fast2bfq_fast2bfq_080603_ilmn-ga001_0003_205wwaaxx_taq1_s_5_sequence_72,3,3
epigenomics,fast2bfq_fast2bfq_080603_ilmn-ga001_0003_205wwaaxx_taq1_s_5_sequence_73,3,3
epigenomics,fast2bfq_fast2bfq_080603_ilmn-ga001_0003_205wwaaxx_taq1_s_5_sequence_74,3,3
epigenomics,fast2bfq_fast2bfq_080603_ilmn-ga001_0003_205wwaaxx_taq1_s_5_sequence_75,3,3
epigenomics,filtercontams_filtercontams_080603_ilmn-ga001_0003_205wwaaxx_taq1_s_5_sequence_39,3,3
epigenomics,filtercontams_filtercontams_080603_ilmn-ga001_0003_205wwaaxx_taq1_s_5_sequence_40,3,3
epigenomics,filtercontams_filtercontams_080603_ilmn-ga001_0003_205wwaaxx_taq1_s_5_sequence_41,3,3
epigenomics,filtercontams_filtercontams_080603_ilmn-ga001_0003_205wwaaxx_taq1_s_5_sequence_42,3,3
epigenomics,filtercontams_filtercontams_080603_ilmn-ga001_0003_205wwaaxx_taq1_s_5_sequence_43,3,3
epigenomics,filtercontams_filtercontams_080603_ilmn-ga001_0003_205wwaaxx_taq1_s_5_sequence_44,3,3
epigenomics,filtercontams_filtercontams_080603_ilmn-ga001_0003_205wwaaxx_taq1_s_5_sequence_45,3,3
epigenomics,filtercontams_filtercontams_080603_ilmn-ga001_0003_205wwaaxx_taq1_s_5_sequence_46,3,3
epigenomics,filtercontams_filtercontams_080603_ilmn-ga001_0003_205wwaaxx_taq1_s_5_sequence_47,3,3
epigenomics,filtercontams_filtercontams_080603_ilmn-ga001_0003_205wwaaxx_taq1_s_5_sequence_48,3,3
epigenomics,filtercontams_filtercontams_080603_ilmn-ga001_0003_205wwaaxx_taq1_s_5_sequence_49,3,3
epigenomics,filtercontams_filtercontams_080603_ilmn-ga001_0003_205wwaaxx_taq1_s_5_sequence_50,3,3
epigenomics,filtercontams_filtercontams_080603_ilmn-ga001_0003_205wwaaxx_taq1_s_5_sequence_51,3,3
epigenomics,filtercontams_filtercontams_080603_ilmn-ga001_0003_205wwaaxx_taq1_s_5_sequence_52,3,3
epigenomics,filtercontams_filtercontams_080603_ilmn-ga001_0003_205wwaaxx_taq1_s_5_sequence_53,3,3
epigenomics,filtercontams_filtercontams_080603_ilmn-ga001_0003_205wwaaxx_taq1_s_5_sequence_54,3,3
epigenomics,filtercontams_filtercontams_080603_ilmn-ga001_0003_205wwaaxx_taq1_s_5_sequence_55,3,3
epigenomics,filtercontams_filtercontams_080603_ilmn-ga001_0003_205wwaaxx_taq1_s_5_sequence_56,3,3
epigenomics,filtercontams_filtercontams_080603_ilmn-ga001_0003_205wwaaxx_taq1_s_5_sequence_57,3,3
epigenomics,filtercontams_filtercontams_080603_ilmn-ga001_0003_205wwaaxx_taq1_s_5_sequence_58,3,3
epigenomics,filtercontams_filtercontams_080603_ilmn-ga001_0003_205wwaaxx_taq1_s_5_sequence_59,3,3
epigenomics,filtercontams_filtercontams_080603_ilmn-ga001_0003_205wwaaxx_taq1_s_5_sequence_60,3,3
epigenomics,filtercontams_filtercontams_080603_ilmn-ga001_0003_205wwaaxx_taq1_s_5_sequence_61,3,3
epigenomics,filtercontams_filtercontams_080603_ilmn-ga001_0003_205wwaaxx_taq1_s_5_sequence_62,3,3
epigenomics,filtercontams_filtercontams_080603_ilmn-ga001_0003_205wwaaxx_taq1_s_5_sequence_63,3,3
epigenomics,filtercontams_filtercontams_080603_ilmn-ga001_0003_205wwaaxx_taq1_s_5_sequence_64,3,3
epigenomics,filtercontams_filtercontams_080603_ilmn-ga001_0003_205wwaaxx_taq1_s_5_sequence_65,3,3
epigenomics,filtercontams_filtercontams_080603_ilmn-ga001_0003_205wwaaxx_taq1_s_5_sequence_66,3,3
epigenomics,filtercontams_filtercontams_080603_ilmn-ga001_0003_205wwaaxx_taq1_s_5_sequence_67,3,3
epigenomics,filtercontams_filtercontams_080603_ilmn-ga001_0003_205wwaaxx_taq1_s_5_sequence_68,3,3
epigenomics,filtercontams_filtercontams_080603_ilmn-ga001_0003_205wwaaxx_taq1_s_5_sequence_69,3,3
epigenomics,filtercontams_filtercontams_080603_ilmn-ga001_0003_205wwaaxx_taq1_s_5_sequence_70,3,3
epigenomics,filtercontams_filtercontams_080603_ilmn-ga001_0003_205wwaaxx_taq1_s_5_sequence_71,3,3
epigenomics,filtercontams_filtercontams_080603_ilmn-ga001_0003_205wwaaxx_taq1_s_5_sequence_72,3,3
epigenomics,filtercontams_filtercontams_080603_ilmn-ga001_0003_205wwaaxx_taq1_s_5_sequence_73,3,3
epigenomics,filtercontams_filtercontams_080603_ilmn-ga001_0003_205wwaaxx_taq1_s_5_sequence_74,3,3
epigenomics,filtercontams_filtercontams_080603_ilmn-ga001_0003_205wwaaxx_taq1_s_5_sequence_75,3,3
epigenomics,map_map_080603_ilmn-ga001_0003_205wwaaxx_taq1_s_5_sequence_39,3,3
epigenomics,map_map_080603_ilmn-ga001_0003_205wwaaxx_taq1_s_5_sequence_40,3,3
epigenomics,map_map_080603_ilmn-ga001_0003_205wwaaxx_taq1_s_5_sequence_41,3,3
epigenomics,map_map_080603_ilmn-ga001_0003_205wwaaxx_taq1_s_5_sequence_42,3,3
epigenomics,map_map_080603_ilmn-ga001_0003_205wwaaxx_taq1_s_5_sequence_43,3,3
epigenomics,map_map_080603_ilmn-ga001_0003_205wwaaxx_taq1_s_5_sequence_44,3,3
epigenomics,map_map_080603_ilmn-ga001_0003_205wwaaxx_taq1_s_5_sequence_45,3,3
epigenomics,map_map_080603_ilmn-ga001_0003_205wwaaxx_taq1_s_5_sequence_46,3,3
epigenomics,map_map_080603_ilmn-ga001_0003_205wwaaxx_taq1_s_5_sequence_47,3,3
epigenomics,map_map_080603_ilmn-ga001_0003_205wwaaxx_taq1_s_5_sequence_48,3,3
epigenomics,map_map_080603_ilmn-ga001_0003_205wwaaxx_taq1_s_5_sequence_49,3,3
epigenomics,map_map_080603_ilmn-ga001_0003_205wwaaxx_taq1_s_5_sequence_50,3,3
epigenomics,map_map_080603_ilmn-ga001_0003_205wwaaxx_taq1_s_5_sequence_51,3,3
epigenomics,map_map_080603_ilmn-ga001_0003_205wwaaxx_taq1_s_5_sequence_52,3,3
epigenomics,map_map_080603_ilmn-ga001_0003_205wwaaxx_taq1_s_5_sequence_53,3,3
epigenomics,map_map_080603_ilmn-ga001_0003_205wwaaxx_taq1_s_5_sequence_54,3,3
epigenomics,map_map_080603_ilmn-ga001_0003_205wwaaxx_taq1_s_5_sequence_55,3,3
epigenomics,map_map_080603_ilmn-ga001_0003_205wwaaxx_taq1_s_5_sequence_56,3,3
epigenomics,map_map_080603_ilmn-ga001_0003_205wwaaxx_taq1_s_5_sequence_57,3,3
epigenomics,map_map_080603_ilmn-ga001_0003_205wwaaxx_taq1_s_5_sequence_58,3,3
epigenomics,map_map_080603_ilmn-ga001_0003_205wwaaxx_taq1_s_5_sequence_59,3,3
epigenomics,map_map_080603_ilmn-ga001_0003_205wwaaxx_taq1_s_5_sequence_60,3,3
epigenomics,map_map_080603_ilmn-ga001_0003_205wwaaxx_taq1_s_5_sequence_61,3,3
epigenomics,map_map_080603_ilmn-ga001_0003_205wwaaxx_taq1_s_5_sequence_62,3,3
epigenomics,map_map_080603_ilmn-ga001_0003_205wwaaxx_taq1_s_5_sequence_63,3,3
epigenomics,map_map_080603_ilmn-ga001_0003_205wwaaxx_taq1_s_5_sequence_64,3,3
epigenomics,map_map_080603_ilmn-ga001_0003_205wwaaxx_taq1_s_5_sequence_65,3,3
epigenomics,map_map_080603_ilmn-ga001_0003_205wwaaxx_taq1_s_5_sequence_66,3,3
epigenomics,map_map_080603_ilmn-ga001_0003_205wwaaxx_taq1_s_5_sequence_67,3,3
epigenomics,map_map_080603_ilmn-ga001_0003_205wwaaxx_taq1_s_5_sequence_68,3,3
epigenomics,map_map_080603_ilmn-ga001_0003_205wwaaxx_taq1_s_5_sequence_69,3,3
epigenomics,map_map_080603_ilmn-ga001_0003_205wwaaxx_taq1_s_5_sequence_70,3,3
epigenomics,map_map_080603_ilmn-ga001_0003_205wwaaxx_taq1_s_5_sequence_71,3,3
epigenomics,map_map_080603_ilmn-ga001_0003_205wwaaxx_taq1_s_5_sequence_72,3,3
epigenomics,map_map_080603_ilmn-ga001_0003_205wwaaxx_taq1_s_5_sequence_73,3,3
epigenomics,map_map_080603_ilmn-ga001_0003_205wwaaxx_taq1_s_5_sequence_74,3,3
epigenomics,map_map_080603_ilmn-ga001_0003_205wwaaxx_taq1_s_5_sequence_75,3,3
epigenomics,sol2sanger_sol2sanger_080603_ilmn-ga001_0003_205wwaaxx_taq1_s_5_sequence_39,3,3
epigenomics,sol2sanger_sol2sanger_080603_ilmn-ga001_0003_205wwaaxx_taq1_s_5_sequence_40,3,3
epigenomics,sol2sanger_sol2sanger_080603_ilmn-ga001_0003_205wwaaxx_taq1_s_5_sequence_41,3,3
epigenomics,sol2sanger_sol2sanger_080603_ilmn-ga001_0003_205wwaaxx_taq1_s_5_sequence_42,3,3
epigenomics,sol2sanger_sol2sanger_080603_ilmn-ga001_0003_205wwaaxx_taq1_s_5_sequence_43,3,3
epigenomics,sol2sanger_sol2sanger_080603_ilmn-ga001_0003_205wwaaxx_taq1_s_5_sequence_44,3,3
epigenomics,sol2sanger_sol2sanger_080603_ilmn-ga001_0003_205wwaaxx_taq1_s_5_sequence_45,3,3
epigenomics,sol2sanger_sol2sanger_080603_ilmn-ga001_0003_205wwaaxx_taq1_s_5_sequence_46,3,3
epigenomics,sol2sanger_sol2sanger_080603_ilmn-ga001_0003_205wwaaxx_taq1_s_5_sequence_47,3,3
epigenomics,sol2sanger_sol2sanger_080603_ilmn-ga001_0003_205wwaaxx_taq1_s_5_sequence_48,3,3
epigenomics,sol2sanger_sol2sanger_080603_ilmn-ga001_0003_205wwaaxx_taq1_s_5_sequence_49,3,3
epigenomics,sol2sanger_sol2sanger_080603_ilmn-ga001_0003_205wwaaxx_taq1_s_5_sequence_50,3,3
epigenomics,sol2sanger_sol2sanger_080603_ilmn-ga001_0003_205wwaaxx_taq1_s_5_sequence_51,3,3
epigenomics,sol2sanger_sol2sanger_080603_ilmn-ga001_0003_205wwaaxx_taq1_s_5_sequence_52,3,3
epigenomics,sol2sanger_sol2sanger_080603_ilmn-ga001_0003_205wwaaxx_taq1_s_5_sequence_53,3,3
epigenomics,sol2sanger_sol2sanger_080603_ilmn-ga001_0003_205wwaaxx_taq1_s_5_sequence_54,3,3
epigenomics,sol2sanger_sol2sanger_080603_ilmn-ga001_0003_205wwaaxx_taq1_s_5_sequence_55,3,3
epigenomics,sol2sanger_sol2sanger_080603_ilmn-ga001_0003_205wwaaxx_taq1_s_5_sequence_56,3,3
epigenomics,sol2sanger_sol2sanger_080603_ilmn-ga001_0003_205wwaaxx_taq1_s_5_sequence_57,3,3
epigenomics,sol2sanger_sol2sanger_080603_ilmn-ga001_0003_205wwaaxx_taq1_s_5_sequence_58,3,3
epigenomics,sol2sanger_sol2sanger_080603_ilmn-ga001_0003_205wwaaxx_taq1_s_5_sequence_59,3,3
epigenomics,sol2sanger_sol2sanger_080603_ilmn-ga001_0003_205wwaaxx_taq1_s_5_sequence_60,3,3
epigenomics,sol2sanger_sol2sanger_080603_ilmn-ga001_0003_205wwaaxx_taq1_s_5_sequence_61,3,3
epigenomics,sol2sanger_sol2sanger_080603_ilmn-ga001_0003_205wwaaxx_taq1_s_5_sequence_62,3,3
epigenomics,sol2sanger_sol2sanger_080603_ilmn-ga001_0003_205wwaaxx_taq1_s_5_sequence_63,3,3
epigenomics,sol2sanger_sol2sanger_080603_ilmn-ga001_0003_205wwaaxx_taq1_s_5_sequence_64,3,3
epigenomics,sol2sanger_sol2sanger_080603_ilmn-ga001_0003_205wwaaxx_taq1_s_5_sequence_65,3,3
epigenomics,sol2sanger_sol2sanger_080603_ilmn-ga001_0003_205wwaaxx_taq1_s_5_sequence_66,3,3
epigenomics,sol2sanger_sol2sanger_080603_ilmn-ga001_0003_205wwaaxx_taq1_s_5_sequence_67,3,3
epigenomics,sol2sanger_sol2sanger_080603_ilmn-ga001_0003_205wwaaxx_taq1_s_5_sequence_68,3,3
epigenomics,sol2sanger_sol2sanger_080603_ilmn-ga001_0003_205wwaaxx_taq1_s_5_sequence_69,3,3
epigenomics,sol2sanger_sol2sanger_080603_ilmn-ga001_0003_205wwaaxx_taq1_s_5_sequence_70,3,3
epigenomics,sol2sanger_sol2sanger_080603_ilmn-ga001_0003_205wwaaxx_taq1_s_5_sequence_71,3,3
epigenomics,sol2sanger_sol2sanger_080603_ilmn-ga001_0003_205wwaaxx_taq1_s_5_sequence_72,3,3
epigenomics,sol2sanger_sol2sanger_080603_ilmn-ga001_0003_205wwaaxx_taq1_s_5_sequence_73,3,3
epigenomics,sol2sanger_sol2sanger_080603_ilmn-ga001_0003_205wwaaxx_taq1_s_5_sequence_74,3,3
epigenomics,sol2sanger_sol2sanger_080603_ilmn-ga001_0003_205wwaaxx_taq1_s_5_sequence_75,3,3
epigenomics,fast2bfq_fast2bfq_hep2_msp1_digests_s_6_sequence_22,2,2
epigenomics,fast2bfq_fast2bfq_hep2_msp1_digests_s_6_sequence_23,2,2
epigenomics,fast2bfq_fast2bfq_hep2_msp1_digests_s_6_sequence_24,2,2
epigenomics,fast2bfq_fast2bfq_hep2_msp1_digests_s_6_sequence_25,2,2
epigenomics,fast2bfq_fast2bfq_hep2_msp1_digests_s_6_sequence_26,2,2
epigenomics,fast2bfq_fast2bfq_hep2_msp1_digests_s_6_sequence_27,2,2
epigenomics,fast2bfq_fast2bfq_hep2_msp1_digests_s_6_sequence_28,2,2
epigenomics,fast2bfq_fast2bfq_hep2_msp1_digests_s_6_sequence_29,2,2
epigenomics,fast2bfq_fast2bfq_hep2_msp1_digests_s_6_sequence_30,2,2
epigenomics,fast2bfq_fast2bfq_hep2_msp1_digests_s_6_sequence_31,2,2
epigenomics,fast2bfq_fast2bfq_hep2_msp1_digests_s_6_sequence_32,2,2
epigenomics,fast2bfq_fast2bfq_hep2_msp1_digests_s_6_sequence_33,2,2
epigenomics,fast2bfq_fast2bfq_hep2_msp1_digests_s_6_sequence_34,2,2
epigenomics,fast2bfq_fast2bfq_hep2_msp1_digests_s_6_sequence_35,2,2
epigenomics,fast2bfq_fast2bfq_hep2_msp1_digests_s_6_sequence_36,2,2
epigenomics,fast2bfq_fast2bfq_hep2_msp1_digests_s_6_sequence_37,2,2
epigenomics,fast2bfq_fast2bfq_hep2_msp1_digests_s_6_sequence_38,2,2
epigenomics,fast2bfq_fast2bfq_hep2_msp1_digests_s_6_sequence_39,2,2
epigenomics,fast2bfq_fast2bfq_hep2_msp1_digests_s_6_sequence_40,2,2
epigenomics,fast2bfq_fast2bfq_hep2_msp1_digests_s_6_sequence_41,2,2
epigenomics,filtercontams_filtercontams_hep2_msp1_digests_s_6_sequence_22,2,2
epigenomics,filtercontams_filtercontams_hep2_msp1_digests_s_6_sequence_23,2,2
epigenomics,filtercontams_filtercontams_hep2_msp1_digests_s_6_sequence_24,2,2
epigenomics,filtercontams_filtercontams_hep2_msp1_digests_s_6_sequence_25,2,2
epigenomics,filtercontams_filtercontams_hep2_msp1_digests_s_6_sequence_26,2,2
epigenomics,filtercontams_filtercontams_hep2_msp1_digests_s_6_sequence_27,2,2
epigenomics,filtercontams_filtercontams_hep2_msp1_digests_s_6_sequence_28,2,2
epigenomics,filtercontams_filtercontams_hep2_msp1_digests_s_6_sequence_29,2,2
epigenomics,filtercontams_filtercontams_hep2_msp1_digests_s_6_sequence_30,2,2
epigenomics,filtercontams_filtercontams_hep2_msp1_digests_s_6_sequence_31,2,2
epigenomics,filtercontams_filtercontams_hep2_msp1_digests_s_6_sequence_32,2,2
epigenomics,filtercontams_filtercontams_hep2_msp1_digests_s_6_sequence_33,2,2
epigenomics,filtercontams_filtercontams_hep2_msp1_digests_s_6_sequence_34,2,2
epigenomics,filtercontams_filtercontams_hep2_msp1_digests_s_6_sequence_35,2,2
epigenomics,filtercontams_filtercontams_hep2_msp1_digests_s_6_sequence_36,2,2
epigenomics,filtercontams_filtercontams_hep2_msp1_digests_s_6_sequence_37,2,2
epigenomics,filtercontams_filtercontams_hep2_msp1_digests_s_6_sequence_38,2,2
epigenomics,filtercontams_filtercontams_hep2_msp1_digests_s_6_sequence_39,2,2
epigenomics,filtercontams_filtercontams_hep2_msp1_digests_s_6_sequence_40,2,2
epigenomics,filtercontams_filtercontams_hep2_msp1_digests_s_6_sequence_41,2,2
epigenomics,map_map_hep2_msp1_digests_s_6_sequence_22,2,2
epigenomics,map_map_hep2_msp1_digests_s_6_sequence_23,2,2
epigenomics,map_map_hep2_msp1_digests_s_6_sequence_24,2,2
epigenomics,map_map_hep2_msp1_digests_s_6_sequence_25,2,2
epigenomics,map_map_hep2_msp1_digests_s_6_sequence_26,2,2
epigenomics,map_map_hep2_msp1_digests_s_6_sequence_27,2,2
epigenomics,map_map_hep2_msp1_digests_s_6_sequence_28,2,2
epigenomics,map_map_hep2_msp1_digests_s_6_sequence_29,2,2
epigenomics,map_map_hep2_msp1_digests_s_6_sequence_30,2,2
epigenomics,map_map_hep2_msp1_digests_s_6_sequence_31,2,2
epigenomics,map_map_hep2_msp1_digests_s_6_sequence_32,2,2
epigenomics,map_map_hep2_msp1_digests_s_6_sequence_33,2,2
epigenomics,map_map_hep2_msp1_digests_s_6_sequence_34,2,2
epigenomics,map_map_hep2_msp1_digests_s_6_sequence_35,2,2
epigenomics,map_map_hep2_msp1_digests_s_6_sequence_36,2,2
epigenomics,map_map_hep2_msp1_digests_s_6_sequence_37,2,2
epigenomics,map_map_hep2_msp1_digests_s_6_sequence_38,2,2
epigenomics,map_map_hep2_msp1_digests_s_6_sequence_39,2,2
epigenomics,map_map_hep2_msp1_digests_s_6_sequence_40,2,2
epigenomics,map_map_hep2_msp1_digests_s_6_sequence_41,2,2
epigenomics,sol2sanger_sol2sanger_hep2_msp1_digests_s_6_sequence_22,2,2
epigenomics,sol2sanger_sol2sanger_hep2_msp1_digests_s_6_sequence_23,2,2
epigenomics,sol2sanger_sol2sanger_hep2_msp1_digests_s_6_sequence_24,2,2
epigenomics,sol2sanger_sol2sanger_hep2_msp1_digests_s_6_sequence_25,2,2
epigenomics,sol2sanger_sol2sanger_hep2_msp1_digests_s_6_sequence_26,2,2
epigenomics,sol2sanger_sol2sanger_hep2_msp1_digests_s_6_sequence_27,2,2
epigenomics,sol2sanger_sol2sanger_hep2_msp1_digests_s_6_sequence_28,2,2
epigenomics,sol2sanger_sol2sanger_hep2_msp1_digests_s_6_sequence_29,2,2
epigenomics,sol2sanger_sol2sanger_hep2_msp1_digests_s_6_sequence_30,2,2
epigenomics,sol2sanger_sol2sanger_hep2_msp1_digests_s_6_sequence_31,2,2
epigenomics,sol2sanger_sol2sanger_hep2_msp1_digests_s_6_sequence_32,2,2
epigenomics,sol2sanger_sol2sanger_hep2_msp1_digests_s_6_sequence_33,2,2
epigenomics,sol2sanger_sol2sanger_hep2_msp1_digests_s_6_sequence_34,2,2
epigenomics,sol2sanger_sol2sanger_hep2_msp1_digests_s_6_sequence_35,2,2
epigenomics,sol2sanger_sol2sanger_hep2_msp1_digests_s_6_sequence_36,2,2
epigenomics,sol2sanger_sol2sanger_hep2_msp1_digests_s_6_sequence_37,2,2
epigenomics,sol2sanger_sol2sanger_hep2_msp1_digests_s_6_sequence_38,2,2
epigenomics,sol2sanger_sol2sanger_hep2_msp1_digests_s_6_sequence_39,2,2
epigenomics,sol2sanger_sol2sanger_hep2_msp1_digests_s_6_sequence_40,2,2
epigenomics,sol2sanger_sol2sanger_hep2_msp1_digests_s_6_sequence_41,2,2
epigenomics,fast2bfq_fast2bfq_hep2_msp1_digests_s_7_sequence_1,2,2
epigenomics,fast2bfq_fast2bfq_hep2_msp1_digests_s_7_sequence_10,2,2
epigenomics,fast2bfq_fast2bfq_hep2_msp1_digests_s_7_sequence_11,2,2
epigenomics,fast2bfq_fast2bfq_hep2_msp1_digests_s_7_sequence_12,2,2
epigenomics,fast2bfq_fast2bfq_hep2_msp1_digests_s_7_sequence_13,2,2
epigenomics,fast2bfq_fast2bfq_hep2_msp1_digests_s_7_sequence_14,2,2
epigenomics,fast2bfq_fast2bfq_hep2_msp1_digests_s_7_sequence_15,2,2
epigenomics,fast2bfq_fast2bfq_hep2_msp1_digests_s_7_sequence_16,2,2
epigenomics,fast2bfq_fast2bfq_hep2_msp1_digests_s_7_sequence_17,2,2
epigenomics,fast2bfq_fast2bfq_hep2_msp1_digests_s_7_sequence_2,2,2
epigenomics,fast2bfq_fast2bfq_hep2_msp1_digests_s_7_sequence_3,2,2
epigenomics,fast2bfq_fast2bfq_hep2_msp1_digests_s_7_sequence_4,2,2
epigenomics,fast2bfq_fast2bfq_hep2_msp1_digests_s_7_sequence_5,2,2
epigenomics,fast2bfq_fast2bfq_hep2_msp1_digests_s_7_sequence_6,2,2
epigenomics,fast2bfq_fast2bfq_hep2_msp1_digests_s_7_sequence_7,2,2
epigenomics,fast2bfq_fast2bfq_hep2_msp1_digests_s_7_sequence_8,2,2
epigenomics,fast2bfq_fast2bfq_hep2_msp1_digests_s_7_sequence_9,2,2
epigenomics,filtercontams_filtercontams_hep2_msp1_digests_s_7_sequence_1,2,2
epigenomics,filtercontams_filtercontams_hep2_msp1_digests_s_7_sequence_10,2,2
epigenomics,filtercontams_filtercontams_hep2_msp1_digests_s_7_sequence_11,2,2
epigenomics,filtercontams_filtercontams_hep2_msp1_digests_s_7_sequence_12,2,2
epigenomics,filtercontams_filtercontams_hep2_msp1_digests_s_7_sequence_13,2,2
epigenomics,filtercontams_filtercontams_hep2_msp1_digests_s_7_sequence_14,2,2
epigenomics,filtercontams_filtercontams_hep2_msp1_digests_s_7_sequence_15,2,2
epigenomics,filtercontams_filtercontams_hep2_msp1_digests_s_7_sequence_16,2,2
epigenomics,filtercontams_filtercontams_hep2_msp1_digests_s_7_sequence_17,2,2
epigenomics,filtercontams_filtercontams_hep2_msp1_digests_s_7_sequence_2,2,2
epigenomics,filtercontams_filtercontams_hep2_msp1_digests_s_7_sequence_3,2,2
epigenomics,filtercontams_filtercontams_hep2_msp1_digests_s_7_sequence_4,2,2
epigenomics,filtercontams_filtercontams_hep2_msp1_digests_s_7_sequence_5,2,2
epigenomics,filtercontams_filtercontams_hep2_msp1_digests_s_7_sequence_6,2,2
epigenomics,filtercontams_filtercontams_hep2_msp1_digests_s_7_sequence_7,2,2
epigenomics,filtercontams_filtercontams_hep2_msp1_digests_s_7_sequence_8,2,2
epigenomics,filtercontams_filtercontams_hep2_msp1_digests_s_7_sequence_9,2,2
epigenomics,map_map_hep2_msp1_digests_s_7_sequence_1,2,2
epigenomics,map_map_hep2_msp1_digests_s_7_sequence_10,2,2
epigenomics,map_map_hep2_msp1_digests_s_7_sequence_11,2,2
epigenomics,map_map_hep2_msp1_digests_s_7_sequence_12,2,2
epigenomics,map_map_hep2_msp1_digests_s_7_sequence_13,2,2
epigenomics,map_map_hep2_msp1_digests_s_7_sequence_14,2,2
epigenomics,map_map_hep2_msp1_digests_s_7_sequence_15,2,2
epigenomics,map_map_hep2_msp1_digests_s_7_sequence_16,2,2
epigenomics,map_map_hep2_msp1_digests_s_7_sequence_17,2,2
epigenomics,map_map_hep2_msp1_digests_s_7_sequence_2,2,2
epigenomics,map_map_hep2_msp1_digests_s_7_sequence_3,2,2
epigenomics,map_map_hep2_msp1_digests_s_7_sequence_4,2,2
epigenomics,map_map_hep2_msp1_digests_s_7_sequence_5,2,2
epigenomics,map_map_hep2_msp1_digests_s_7_sequence_6,2,2
epigenomics,map_map_hep2_msp1_digests_s_7_sequence_7,2,2
epigenomics,map_map_hep2_msp1_digests_s_7_sequence_8,2,2
epigenomics,map_map_hep2_msp1_digests_s_7_sequence_9,2,2
epigenomics,sol2sanger_sol2sanger_hep2_msp1_digests_s_7_sequence_1,2,2
epigenomics,sol2sanger_sol2sanger_hep2_msp1_digests_s_7_sequence_10,2,2
epigenomics,sol2sanger_sol2sanger_hep2_msp1_digests_s_7_sequence_11,2,2
epigenomics,sol2sanger_sol2sanger_hep2_msp1_digests_s_7_sequence_12,2,2
epigenomics,sol2sanger_sol2sanger_hep2_msp1_digests_s_7_sequence_13,2,2
epigenomics,sol2sanger_sol2sanger_hep2_msp1_digests_s_7_sequence_14,2,2
epigenomics,sol2sanger_sol2sanger_hep2_msp1_digests_s_7_sequence_15,2,2
epigenomics,sol2sanger_sol2sanger_hep2_msp1_digests_s_7_sequence_16,2,2
epigenomics,sol2sanger_sol2sanger_hep2_msp1_digests_s_7_sequence_17,2,2
epigenomics,sol2sanger_sol2sanger_hep2_msp1_digests_s_7_sequence_2,2,2
epigenomics,sol2sanger_sol2sanger_hep2_msp1_digests_s_7_sequence_3,2,2
epigenomics,sol2sanger_sol2sanger_hep2_msp1_digests_s_7_sequence_4,2,2
epigenomics,sol2sanger_sol2sanger_hep2_msp1_digests_s_7_sequence_5,2,2
epigenomics,sol2sanger_sol2sanger_hep2_msp1_digests_s_7_sequence_6,2,2
epigenomics,sol2sanger_sol2sanger_hep2_msp1_digests_s_7_sequence_7,2,2
epigenomics,sol2sanger_sol2sanger_hep2_msp1_digests_s_7_sequence_8,2,2
epigenomics,sol2sanger_sol2sanger_hep2_msp1_digests_s_7_sequence_9,2,2
epigenomics,fast2bfq_fast2bfq_080603_ilmn-ga001_0003_205wwaaxx_taq1_s_6_sequence_39,2,2
epigenomics,fast2bfq_fast2bfq_080603_ilmn-ga001_0003_205wwaaxx_taq1_s_6_sequence_40,2,2
epigenomics,fast2bfq_fast2bfq_080603_ilmn-ga001_0003_205wwaaxx_taq1_s_6_sequence_41,2,2
epigenomics,fast2bfq_fast2bfq_080603_ilmn-ga001_0003_205wwaaxx_taq1_s_6_sequence_42,2,2
epigenomics,fast2bfq_fast2bfq_080603_ilmn-ga001_0003_205wwaaxx_taq1_s_6_sequence_43,2,2
epigenomics,fast2bfq_fast2bfq_080603_ilmn-ga001_0003_205wwaaxx_taq1_s_6_sequence_44,2,2
epigenomics,fast2bfq_fast2bfq_080603_ilmn-ga001_0003_205wwaaxx_taq1_s_6_sequence_45,2,2
epigenomics,fast2bfq_fast2bfq_080603_ilmn-ga001_0003_205wwaaxx_taq1_s_6_sequence_46,2,2
epigenomics,fast2bfq_fast2bfq_080603_ilmn-ga001_0003_205wwaaxx_taq1_s_6_sequence_47,2,2
epigenomics,fast2bfq_fast2bfq_080603_ilmn-ga001_0003_205wwaaxx_taq1_s_6_sequence_48,2,2
epigenomics,fast2bfq_fast2bfq_080603_ilmn-ga001_0003_205wwaaxx_taq1_s_6_sequence_49,2,2
epigenomics,fast2bfq_fast2bfq_080603_ilmn-ga001_0003_205wwaaxx_taq1_s_6_sequence_50,2,2
epigenomics,fast2bfq_fast2bfq_080603_ilmn-ga001_0003_205wwaaxx_taq1_s_6_sequence_51,2,2
epigenomics,fast2bfq_fast2bfq_080603_ilmn-ga001_0003_205wwaaxx_taq1_s_6_sequence_52,2,2
epigenomics,fast2bfq_fast2bfq_080603_ilmn-ga001_0003_205wwaaxx_taq1_s_6_sequence_53,2,2
epigenomics,fast2bfq_fast2bfq_080603_ilmn-ga001_0003_205wwaaxx_taq1_s_6_sequence_54,2,2
epigenomics,fast2bfq_fast2bfq_080603_ilmn-ga001_0003_205wwaaxx_taq1_s_6_sequence_55,2,2
epigenomics,fast2bfq_fast2bfq_080603_ilmn-ga001_0003_205wwaaxx_taq1_s_6_sequence_56,2,2
epigenomics,fast2bfq_fast2bfq_080603_ilmn-ga001_0003_205wwaaxx_taq1_s_6_sequence_57,2,2
epigenomics,fast2bfq_fast2bfq_080603_ilmn-ga001_0003_205wwaaxx_taq1_s_6_sequence_58,2,2
epigenomics,fast2bfq_fast2bfq_080603_ilmn-ga001_0003_205wwaaxx_taq1_s_6_sequence_59,2,2
epigenomics,fast2bfq_fast2bfq_080603_ilmn-ga001_0003_205wwaaxx_taq1_s_6_sequence_60,2,2
epigenomics,fast2bfq_fast2bfq_080603_ilmn-ga001_0003_205wwaaxx_taq1_s_6_sequence_61,2,2
epigenomics,fast2bfq_fast2bfq_080603_ilmn-ga001_0003_205wwaaxx_taq1_s_6_sequence_62,2,2
epigenomics,fast2bfq_fast2bfq_080603_ilmn-ga001_0003_205wwaaxx_taq1_s_6_sequence_63,2,2
epigenomics,fast2bfq_fast2bfq_080603_ilmn-ga001_0003_205wwaaxx_taq1_s_6_sequence_64,2,2
epigenomics,fast2bfq_fast2bfq_080603_ilmn-ga001_0003_205wwaaxx_taq1_s_6_sequence_65,2,2
epigenomics,fast2bfq_fast2bfq_080603_ilmn-ga001_0003_205wwaaxx_taq1_s_6_sequence_66,2,2
epigenomics,fast2bfq_fast2bfq_080603_ilmn-ga001_0003_205wwaaxx_taq1_s_6_sequence_67,2,2
epigenomics,fast2bfq_fast2bfq_080603_ilmn-ga001_0003_205wwaaxx_taq1_s_6_sequence_68,2,2
epigenomics,fast2bfq_fast2bfq_080603_ilmn-ga001_0003_205wwaaxx_taq1_s_6_sequence_69,2,2
epigenomics,fast2bfq_fast2bfq_080603_ilmn-ga001_0003_205wwaaxx_taq1_s_6_sequence_70,2,2
epigenomics,fast2bfq_fast2bfq_080603_ilmn-ga001_0003_205wwaaxx_taq1_s_6_sequence_71,2,2
epigenomics,fast2bfq_fast2bfq_080603_ilmn-ga001_0003_205wwaaxx_taq1_s_6_sequence_72,2,2
epigenomics,fast2bfq_fast2bfq_080603_ilmn-ga001_0003_205wwaaxx_taq1_s_6_sequence_73,2,2
epigenomics,fast2bfq_fast2bfq_080603_ilmn-ga001_0003_205wwaaxx_taq1_s_6_sequence_74,2,2
epigenomics,fast2bfq_fast2bfq_080603_ilmn-ga001_0003_205wwaaxx_taq1_s_6_sequence_75,2,2
epigenomics,filtercontams_filtercontams_080603_ilmn-ga001_0003_205wwaaxx_taq1_s_6_sequence_39,2,2
epigenomics,filtercontams_filtercontams_080603_ilmn-ga001_0003_205wwaaxx_taq1_s_6_sequence_40,2,2
epigenomics,filtercontams_filtercontams_080603_ilmn-ga001_0003_205wwaaxx_taq1_s_6_sequence_41,2,2
epigenomics,filtercontams_filtercontams_080603_ilmn-ga001_0003_205wwaaxx_taq1_s_6_sequence_42,2,2
epigenomics,filtercontams_filtercontams_080603_ilmn-ga001_0003_205wwaaxx_taq1_s_6_sequence_43,2,2
epigenomics,filtercontams_filtercontams_080603_ilmn-ga001_0003_205wwaaxx_taq1_s_6_sequence_44,2,2
epigenomics,filtercontams_filtercontams_080603_ilmn-ga001_0003_205wwaaxx_taq1_s_6_sequence_45,2,2
epigenomics,filtercontams_filtercontams_080603_ilmn-ga001_0003_205wwaaxx_taq1_s_6_sequence_46,2,2
epigenomics,filtercontams_filtercontams_080603_ilmn-ga001_0003_205wwaaxx_taq1_s_6_sequence_47,2,2
epigenomics,filtercontams_filtercontams_080603_ilmn-ga001_0003_205wwaaxx_taq1_s_6_sequence_48,2,2
epigenomics,filtercontams_filtercontams_080603_ilmn-ga001_0003_205wwaaxx_taq1_s_6_sequence_49,2,2
epigenomics,filtercontams_filtercontams_080603_ilmn-ga001_0003_205wwaaxx_taq1_s_6_sequence_50,2,2
epigenomics,filtercontams_filtercontams_080603_ilmn-ga001_0003_205wwaaxx_taq1_s_6_sequence_51,2,2
epigenomics,filtercontams_filtercontams_080603_ilmn-ga001_0003_205wwaaxx_taq1_s_6_sequence_52,2,2
epigenomics,filtercontams_filtercontams_080603_ilmn-ga001_0003_205wwaaxx_taq1_s_6_sequence_53,2,2
epigenomics,filtercontams_filtercontams_080603_ilmn-ga001_0003_205wwaaxx_taq1_s_6_sequence_54,2,2
epigenomics,filtercontams_filtercontams_080603_ilmn-ga001_0003_205wwaaxx_taq1_s_6_sequence_55,2,2
epigenomics,filtercontams_filtercontams_080603_ilmn-ga001_0003_205wwaaxx_taq1_s_6_sequence_56,2,2
epigenomics,filtercontams_filtercontams_080603_ilmn-ga001_0003_205wwaaxx_taq1_s_6_sequence_57,2,2
epigenomics,filtercontams_filtercontams_080603_ilmn-ga001_0003_205wwaaxx_taq1_s_6_sequence_58,2,2
epigenomics,filtercontams_filtercontams_080603_ilmn-ga001_0003_205wwaaxx_taq1_s_6_sequence_59,2,2
epigenomics,filtercontams_filtercontams_080603_ilmn-ga001_0003_205wwaaxx_taq1_s_6_sequence_60,2,2
epigenomics,filtercontams_filtercontams_080603_ilmn-ga001_0003_205wwaaxx_taq1_s_6_sequence_61,2,2
epigenomics,filtercontams_filtercontams_080603_ilmn-ga001_0003_205wwaaxx_taq1_s_6_sequence_62,2,2
epigenomics,filtercontams_filtercontams_080603_ilmn-ga001_0003_205wwaaxx_taq1_s_6_sequence_63,2,2
epigenomics,filtercontams_filtercontams_080603_ilmn-ga001_0003_205wwaaxx_taq1_s_6_sequence_64,2,2
epigenomics,filtercontams_filtercontams_080603_ilmn-ga001_0003_205wwaaxx_taq1_s_6_sequence_65,2,2
epigenomics,filtercontams_filtercontams_080603_ilmn-ga001_0003_205wwaaxx_taq1_s_6_sequence_66,2,2
epigenomics,filtercontams_filtercontams_080603_ilmn-ga001_0003_205wwaaxx_taq1_s_6_sequence_67,2,2
epigenomics,filtercontams_filtercontams_080603_ilmn-ga001_0003_205wwaaxx_taq1_s_6_sequence_68,2,2
epigenomics,filtercontams_filtercontams_080603_ilmn-ga001_0003_205wwaaxx_taq1_s_6_sequence_69,2,2
epigenomics,filtercontams_filtercontams_080603_ilmn-ga001_0003_205wwaaxx_taq1_s_6_sequence_70,2,2
epigenomics,filtercontams_filtercontams_080603_ilmn-ga001_0003_205wwaaxx_taq1_s_6_sequence_71,2,2
epigenomics,filtercontams_filtercontams_080603_ilmn-ga001_0003_205wwaaxx_taq1_s_6_sequence_72,2,2
epigenomics,filtercontams_filtercontams_080603_ilmn-ga001_0003_205wwaaxx_taq1_s_6_sequence_73,2,2
epigenomics,filtercontams_filtercontams_080603_ilmn-ga001_0003_205wwaaxx_taq1_s_6_sequence_74,2,2
epigenomics,filtercontams_filtercontams_080603_ilmn-ga001_0003_205wwaaxx_taq1_s_6_sequence_75,2,2
epigenomics,map_map_080603_ilmn-ga001_0003_205wwaaxx_taq1_s_6_sequence_39,2,2
epigenomics,map_map_080603_ilmn-ga001_0003_205wwaaxx_taq1_s_6_sequence_40,2,2
epigenomics,map_map_080603_ilmn-ga001_0003_205wwaaxx_taq1_s_6_sequence_41,2,2
epigenomics,map_map_080603_ilmn-ga001_0003_205wwaaxx_taq1_s_6_sequence_42,2,2
epigenomics,map_map_080603_ilmn-ga001_0003_205wwaaxx_taq1_s_6_sequence_43,2,2
epigenomics,map_map_080603_ilmn-ga001_0003_205wwaaxx_taq1_s_6_sequence_44,2,2
epigenomics,map_map_080603_ilmn-ga001_0003_205wwaaxx_taq1_s_6_sequence_45,2,2
epigenomics,map_map_080603_ilmn-ga001_0003_205wwaaxx_taq1_s_6_sequence_46,2,2
epigenomics,map_map_080603_ilmn-ga001_0003_205wwaaxx_taq1_s_6_sequence_47,2,2
epigenomics,map_map_080603_ilmn-ga001_0003_205wwaaxx_taq1_s_6_sequence_48,2,2
epigenomics,map_map_080603_ilmn-ga001_0003_205wwaaxx_taq1_s_6_sequence_49,2,2
epigenomics,map_map_080603_ilmn-ga001_0003_205wwaaxx_taq1_s_6_sequence_50,2,2
epigenomics,map_map_080603_ilmn-ga001_0003_205wwaaxx_taq1_s_6_sequence_51,2,2
epigenomics,map_map_080603_ilmn-ga001_0003_205wwaaxx_taq1_s_6_sequence_52,2,2
epigenomics,map_map_080603_ilmn-ga001_0003_205wwaaxx_taq1_s_6_sequence_53,2,2
epigenomics,map_map_080603_ilmn-ga001_0003_205wwaaxx_taq1_s_6_sequence_54,2,2
epigenomics,map_map_080603_ilmn-ga001_0003_205wwaaxx_taq1_s_6_sequence_55,2,2
epigenomics,map_map_080603_ilmn-ga001_0003_205wwaaxx_taq1_s_6_sequence_56,2,2
epigenomics,map_map_080603_ilmn-ga001_0003_205wwaaxx_taq1_s_6_sequence_57,2,2
epigenomics,map_map_080603_ilmn-ga001_0003_205wwaaxx_taq1_s_6_sequence_58,2,2
epigenomics,map_map_080603_ilmn-ga001_0003_205wwaaxx_taq1_s_6_sequence_59,2,2
epigenomics,map_map_080603_ilmn-ga001_0003_205wwaaxx_taq1_s_6_sequence_60,2,2
epigenomics,map_map_080603_ilmn-ga001_0003_205wwaaxx_taq1_s_6_sequence_61,2,2
epigenomics,map_map_080603_ilmn-ga001_0003_205wwaaxx_taq1_s_6_sequence_62,2,2
epigenomics,map_map_080603_ilmn-ga001_0003_205wwaaxx_taq1_s_6_sequence_63,2,2
epigenomics,map_map_080603_ilmn-ga001_0003_205wwaaxx_taq1_s_6_sequence_64,2,2
epigenomics,map_map_080603_ilmn-ga001_0003_205wwaaxx_taq1_s_6_sequence_65,2,2
epigenomics,map_map_080603_ilmn-ga001_0003_205wwaaxx_taq1_s_6_sequence_66,2,2
epigenomics,map_map_080603_ilmn-ga001_0003_205wwaaxx_taq1_s_6_sequence_67,2,2
epigenomics,map_map_080603_ilmn-ga001_0003_205wwaaxx_taq1_s_6_sequence_68,2,2
epigenomics,map_map_080603_ilmn-ga001_0003_205wwaaxx_taq1_s_6_sequence_69,2,2
epigenomics,map_map_080603_ilmn-ga001_0003_205wwaaxx_taq1_s_6_sequence_70,2,2
epigenomics,map_map_080603_ilmn-ga001_0003_205wwaaxx_taq1_s_6_sequence_71,2,2
epigenomics,map_map_080603_ilmn-ga001_0003_205wwaaxx_taq1_s_6_sequence_72,2,2
epigenomics,map_map_080603_ilmn-ga001_0003_205wwaaxx_taq1_s_6_sequence_73,2,2
epigenomics,map_map_080603_ilmn-ga001_0003_205wwaaxx_taq1_s_6_sequence_74,2,2
epigenomics,map_map_080603_ilmn-ga001_0003_205wwaaxx_taq1_s_6_sequence_75,2,2
epigenomics,sol2sanger_sol2sanger_080603_ilmn-ga001_0003_205wwaaxx_taq1_s_6_sequence_39,2,2
epigenomics,sol2sanger_sol2sanger_080603_ilmn-ga001_0003_205wwaaxx_taq1_s_6_sequence_40,2,2
epigenomics,sol2sanger_sol2sanger_080603_ilmn-ga001_0003_205wwaaxx_taq1_s_6_sequence_41,2,2
epigenomics,sol2sanger_sol2sanger_080603_ilmn-ga001_0003_205wwaaxx_taq1_s_6_sequence_42,2,2
epigenomics,sol2sanger_sol2sanger_080603_ilmn-ga001_0003_205wwaaxx_taq1_s_6_sequence_43,2,2
epigenomics,sol2sanger_sol2sanger_080603_ilmn-ga001_0003_205wwaaxx_taq1_s_6_sequence_44,2,2
epigenomics,sol2sanger_sol2sanger_080603_ilmn-ga001_0003_205wwaaxx_taq1_s_6_sequence_45,2,2
epigenomics,sol2sanger_sol2sanger_080603_ilmn-ga001_0003_205wwaaxx_taq1_s_6_sequence_46,2,2
epigenomics,sol2sanger_sol2sanger_080603_ilmn-ga001_0003_205wwaaxx_taq1_s_6_sequence_47,2,2
epigenomics,sol2sanger_sol2sanger_080603_ilmn-ga001_0003_205wwaaxx_taq1_s_6_sequence_48,2,2
epigenomics,sol2sanger_sol2sanger_080603_ilmn-ga001_0003_205wwaaxx_taq1_s_6_sequence_49,2,2
epigenomics,sol2sanger_sol2sanger_080603_ilmn-ga001_0003_205wwaaxx_taq1_s_6_sequence_50,2,2
epigenomics,sol2sanger_sol2sanger_080603_ilmn-ga001_0003_205wwaaxx_taq1_s_6_sequence_51,2,2
epigenomics,sol2sanger_sol2sanger_080603_ilmn-ga001_0003_205wwaaxx_taq1_s_6_sequence_52,2,2
epigenomics,sol2sanger_sol2sanger_080603_ilmn-ga001_0003_205wwaaxx_taq1_s_6_sequence_53,2,2
epigenomics,sol2sanger_sol2sanger_080603_ilmn-ga001_0003_205wwaaxx_taq1_s_6_sequence_54,2,2
epigenomics,sol2sanger_sol2sanger_080603_ilmn-ga001_0003_205wwaaxx_taq1_s_6_sequence_55,2,2
epigenomics,sol2sanger_sol2sanger_080603_ilmn-ga001_0003_205wwaaxx_taq1_s_6_sequence_56,2,2
epigenomics,sol2sanger_sol2sanger_080603_ilmn-ga001_0003_205wwaaxx_taq1_s_6_sequence_57,2,2
epigenomics,sol2sanger_sol2sanger_080603_ilmn-ga001_0003_205wwaaxx_taq1_s_6_sequence_58,2,2
epigenomics,sol2sanger_sol2sanger_080603_ilmn-ga001_0003_205wwaaxx_taq1_s_6_sequence_59,2,2
epigenomics,sol2sanger_sol2sanger_080603_ilmn-ga001_0003_205wwaaxx_taq1_s_6_sequence_60,2,2
epigenomics,sol2sanger_sol2sanger_080603_ilmn-ga001_0003_205wwaaxx_taq1_s_6_sequence_61,2,2
epigenomics,sol2sanger_sol2sanger_080603_ilmn-ga001_0003_205wwaaxx_taq1_s_6_sequence_62,2,2
epigenomics,sol2sanger_sol2sanger_080603_ilmn-ga001_0003_205wwaaxx_taq1_s_6_sequence_63,2,2
epigenomics,sol2sanger_sol2sanger_080603_ilmn-ga001_0003_205wwaaxx_taq1_s_6_sequence_64,2,2
epigenomics,sol2sanger_sol2sanger_080603_ilmn-ga001_0003_205wwaaxx_taq1_s_6_sequence_65,2,2
epigenomics,sol2sanger_sol2sanger_080603_ilmn-ga001_0003_205wwaaxx_taq1_s_6_sequence_66,2,2
epigenomics,sol2sanger_sol2sanger_080603_ilmn-ga001_0003_205wwaaxx_taq1_s_6_sequence_67,2,2
epigenomics,sol2sanger_sol2sanger_080603_ilmn-ga001_0003_205wwaaxx_taq1_s_6_sequence_68,2,2
epigenomics,sol2sanger_sol2sanger_080603_ilmn-ga001_0003_205wwaaxx_taq1_s_6_sequence_69,2,2
epigenomics,sol2sanger_sol2sanger_080603_ilmn-ga001_0003_205wwaaxx_taq1_s_6_sequence_70,2,2
epigenomics,sol2sanger_sol2sanger_080603_ilmn-ga001_0003_205wwaaxx_taq1_s_6_sequence_71,2,2
epigenomics,sol2sanger_sol2sanger_080603_ilmn-ga001_0003_205wwaaxx_taq1_s_6_sequence_72,2,2
epigenomics,sol2sanger_sol2sanger_080603_ilmn-ga001_0003_205wwaaxx_taq1_s_6_sequence_73,2,2
epigenomics,sol2sanger_sol2sanger_080603_ilmn-ga001_0003_205wwaaxx_taq1_s_6_sequence_74,2,2
epigenomics,sol2sanger_sol2sanger_080603_ilmn-ga001_0003_205wwaaxx_taq1_s_6_sequence_75,2,2
epigenomics,fast2bfq_fast2bfq_080603_ilmn-ga001_0003_205wwaaxx_taq1_s_7_sequence_1,2,2
epigenomics,fast2bfq_fast2bfq_080603_ilmn-ga001_0003_205wwaaxx_taq1_s_7_sequence_10,2,2
epigenomics,fast2bfq_fast2bfq_080603_ilmn-ga001_0003_205wwaaxx_taq1_s_7_sequence_11,2,2
epigenomics,fast2bfq_fast2bfq_080603_ilmn-ga001_0003_205wwaaxx_taq1_s_7_sequence_12,2,2
epigenomics,fast2bfq_fast2bfq_080603_ilmn-ga001_0003_205wwaaxx_taq1_s_7_sequence_13,2,2
epigenomics,fast2bfq_fast2bfq_080603_ilmn-ga001_0003_205wwaaxx_taq1_s_7_sequence_14,2,2
epigenomics,fast2bfq_fast2bfq_080603_ilmn-ga001_0003_205wwaaxx_taq1_s_7_sequence_15,2,2
epigenomics,fast2bfq_fast2bfq_080603_ilmn-ga001_0003_205wwaaxx_taq1_s_7_sequence_16,2,2
epigenomics,fast2bfq_fast2bfq_080603_ilmn-ga001_0003_205wwaaxx_taq1_s_7_sequence_17,2,2
epigenomics,fast2bfq_fast2bfq_080603_ilmn-ga001_0003_205wwaaxx_taq1_s_7_sequence_18,2,2
epigenomics,fast2bfq_fast2bfq_080603_ilmn-ga001_0003_205wwaaxx_taq1_s_7_sequence_19,2,2
epigenomics,fast2bfq_fast2bfq_080603_ilmn-ga001_0003_205wwaaxx_taq1_s_7_sequence_2,2,2
epigenomics,fast2bfq_fast2bfq_080603_ilmn-ga001_0003_205wwaaxx_taq1_s_7_sequence_20,2,2
epigenomics,fast2bfq_fast2bfq_080603_ilmn-ga001_0003_205wwaaxx_taq1_s_7_sequence_21,2,2
epigenomics,fast2bfq_fast2bfq_080603_ilmn-ga001_0003_205wwaaxx_taq1_s_7_sequence_22,2,2
epigenomics,fast2bfq_fast2bfq_080603_ilmn-ga001_0003_205wwaaxx_taq1_s_7_sequence_23,2,2
epigenomics,fast2bfq_fast2bfq_080603_ilmn-ga001_0003_205wwaaxx_taq1_s_7_sequence_24,2,2
epigenomics,fast2bfq_fast2bfq_080603_ilmn-ga001_0003_205wwaaxx_taq1_s_7_sequence_25,2,2
epigenomics,fast2bfq_fast2bfq_080603_ilmn-ga001_0003_205wwaaxx_taq1_s_7_sequence_26,2,2
epigenomics,fast2bfq_fast2bfq_080603_ilmn-ga001_0003_205wwaaxx_taq1_s_7_sequence_27,2,2
epigenomics,fast2bfq_fast2bfq_080603_ilmn-ga001_0003_205wwaaxx_taq1_s_7_sequence_28,2,2
epigenomics,fast2bfq_fast2bfq_080603_ilmn-ga001_0003_205wwaaxx_taq1_s_7_sequence_29,2,2
epigenomics,fast2bfq_fast2bfq_080603_ilmn-ga001_0003_205wwaaxx_taq1_s_7_sequence_3,2,2
epigenomics,fast2bfq_fast2bfq_080603_ilmn-ga001_0003_205wwaaxx_taq1_s_7_sequence_30,2,2
epigenomics,fast2bfq_fast2bfq_080603_ilmn-ga001_0003_205wwaaxx_taq1_s_7_sequence_31,2,2
epigenomics,fast2bfq_fast2bfq_080603_ilmn-ga001_0003_205wwaaxx_taq1_s_7_sequence_32,2,2
epigenomics,fast2bfq_fast2bfq_080603_ilmn-ga001_0003_205wwaaxx_taq1_s_7_sequence_33,2,2
epigenomics,fast2bfq_fast2bfq_080603_ilmn-ga001_0003_205wwaaxx_taq1_s_7_sequence_34,2,2
epigenomics,fast2bfq_fast2bfq_080603_ilmn-ga001_0003_205wwaaxx_taq1_s_7_sequence_35,2,2
epigenomics,fast2bfq_fast2bfq_080603_ilmn-ga001_0003_205wwaaxx_taq1_s_7_sequence_36,2,2
epigenomics,fast2bfq_fast2bfq_080603_ilmn-ga001_0003_205wwaaxx_taq1_s_7_sequence_37,2,2
epigenomics,fast2bfq_fast2bfq_080603_ilmn-ga001_0003_205wwaaxx_taq1_s_7_sequence_4,2,2
epigenomics,fast2bfq_fast2bfq_080603_ilmn-ga001_0003_205wwaaxx_taq1_s_7_sequence_5,2,2
epigenomics,fast2bfq_fast2bfq_080603_ilmn-ga001_0003_205wwaaxx_taq1_s_7_sequence_6,2,2
epigenomics,fast2bfq_fast2bfq_080603_ilmn-ga001_0003_205wwaaxx_taq1_s_7_sequence_7,2,2
epigenomics,fast2bfq_fast2bfq_080603_ilmn-ga001_0003_205wwaaxx_taq1_s_7_sequence_8,2,2
epigenomics,fast2bfq_fast2bfq_080603_ilmn-ga001_0003_205wwaaxx_taq1_s_7_sequence_9,2,2
epigenomics,filtercontams_filtercontams_080603_ilmn-ga001_0003_205wwaaxx_taq1_s_7_sequence_1,2,2
epigenomics,filtercontams_filtercontams_080603_ilmn-ga001_0003_205wwaaxx_taq1_s_7_sequence_10,2,2
epigenomics,filtercontams_filtercontams_080603_ilmn-ga001_0003_205wwaaxx_taq1_s_7_sequence_11,2,2
epigenomics,filtercontams_filtercontams_080603_ilmn-ga001_0003_205wwaaxx_taq1_s_7_sequence_12,2,2
epigenomics,filtercontams_filtercontams_080603_ilmn-ga001_0003_205wwaaxx_taq1_s_7_sequence_13,2,2
epigenomics,filtercontams_filtercontams_080603_ilmn-ga001_0003_205wwaaxx_taq1_s_7_sequence_14,2,2
epigenomics,filtercontams_filtercontams_080603_ilmn-ga001_0003_205wwaaxx_taq1_s_7_sequence_15,2,2
epigenomics,filtercontams_filtercontams_080603_ilmn-ga001_0003_205wwaaxx_taq1_s_7_sequence_16,2,2
epigenomics,filtercontams_filtercontams_080603_ilmn-ga001_0003_205wwaaxx_taq1_s_7_sequence_17,2,2
epigenomics,filtercontams_filtercontams_080603_ilmn-ga001_0003_205wwaaxx_taq1_s_7_sequence_18,2,2
epigenomics,filtercontams_filtercontams_080603_ilmn-ga001_0003_205wwaaxx_taq1_s_7_sequence_19,2,2
epigenomics,filtercontams_filtercontams_080603_ilmn-ga001_0003_205wwaaxx_taq1_s_7_sequence_2,2,2
epigenomics,filtercontams_filtercontams_080603_ilmn-ga001_0003_205wwaaxx_taq1_s_7_sequence_20,2,2
epigenomics,filtercontams_filtercontams_080603_ilmn-ga001_0003_205wwaaxx_taq1_s_7_sequence_21,2,2
epigenomics,filtercontams_filtercontams_080603_ilmn-ga001_0003_205wwaaxx_taq1_s_7_sequence_22,2,2
epigenomics,filtercontams_filtercontams_080603_ilmn-ga001_0003_205wwaaxx_taq1_s_7_sequence_23,2,2
epigenomics,filtercontams_filtercontams_080603_ilmn-ga001_0003_205wwaaxx_taq1_s_7_sequence_24,2,2
epigenomics,filtercontams_filtercontams_080603_ilmn-ga001_0003_205wwaaxx_taq1_s_7_sequence_25,2,2
epigenomics,filtercontams_filtercontams_080603_ilmn-ga001_0003_205wwaaxx_taq1_s_7_sequence_26,2,2
epigenomics,filtercontams_filtercontams_080603_ilmn-ga001_0003_205wwaaxx_taq1_s_7_sequence_27,2,2
epigenomics,filtercontams_filtercontams_080603_ilmn-ga001_0003_205wwaaxx_taq1_s_7_sequence_28,2,2
epigenomics,filtercontams_filtercontams_080603_ilmn-ga001_0003_205wwaaxx_taq1_s_7_sequence_29,2,2
epigenomics,filtercontams_filtercontams_080603_ilmn-ga001_0003_205wwaaxx_taq1_s_7_sequence_3,2,2
epigenomics,filtercontams_filtercontams_080603_ilmn-ga001_0003_205wwaaxx_taq1_s_7_sequence_30,2,2
epigenomics,filtercontams_filtercontams_080603_ilmn-ga001_0003_205wwaaxx_taq1_s_7_sequence_31,2,2
epigenomics,filtercontams_filtercontams_080603_ilmn-ga001_0003_205wwaaxx_taq1_s_7_sequence_32,2,2
epigenomics,filtercontams_filtercontams_080603_ilmn-ga001_0003_205wwaaxx_taq1_s_7_sequence_33,2,2
epigenomics,filtercontams_filtercontams_080603_ilmn-ga001_0003_205wwaaxx_taq1_s_7_sequence_34,2,2
epigenomics,filtercontams_filtercontams_080603_ilmn-ga001_0003_205wwaaxx_taq1_s_7_sequence_35,2,2
epigenomics,filtercontams_filtercontams_080603_ilmn-ga001_0003_205wwaaxx_taq1_s_7_sequence_36,2,2
epigenomics,filtercontams_filtercontams_080603_ilmn-ga001_0003_205wwaaxx_taq1_s_7_sequence_37,2,2
epigenomics,filtercontams_filtercontams_080603_ilmn-ga001_0003_205wwaaxx_taq1_s_7_sequence_4,2,2
epigenomics,filtercontams_filtercontams_080603_ilmn-ga001_0003_205wwaaxx_taq1_s_7_sequence_5,2,2
epigenomics,filtercontams_filtercontams_080603_ilmn-ga001_0003_205wwaaxx_taq1_s_7_sequence_6,2,2
epigenomics,filtercontams_filtercontams_080603_ilmn-ga001_0003_205wwaaxx_taq1_s_7_sequence_7,2,2
epigenomics,filtercontams_filtercontams_080603_ilmn-ga001_0003_205wwaaxx_taq1_s_7_sequence_8,2,2
epigenomics,filtercontams_filtercontams_080603_ilmn-ga001_0003_205wwaaxx_taq1_s_7_sequence_9,2,2
epigenomics,map_map_080603_ilmn-ga001_0003_205wwaaxx_taq1_s_7_sequence_1,2,2
epigenomics,map_map_080603_ilmn-ga001_0003_205wwaaxx_taq1_s_7_sequence_10,2,2
epigenomics,map_map_080603_ilmn-ga001_0003_205wwaaxx_taq1_s_7_sequence_11,2,2
epigenomics,map_map_080603_ilmn-ga001_0003_205wwaaxx_taq1_s_7_sequence_12,2,2
epigenomics,map_map_080603_ilmn-ga001_0003_205wwaaxx_taq1_s_7_sequence_13,2,2
epigenomics,map_map_080603_ilmn-ga001_0003_205wwaaxx_taq1_s_7_sequence_14,2,2
epigenomics,map_map_080603_ilmn-ga001_0003_205wwaaxx_taq1_s_7_sequence_15,2,2
epigenomics,map_map_080603_ilmn-ga001_0003_205wwaaxx_taq1_s_7_sequence_16,2,2
epigenomics,map_map_080603_ilmn-ga001_0003_205wwaaxx_taq1_s_7_sequence_17,2,2
epigenomics,map_map_080603_ilmn-ga001_0003_205wwaaxx_taq1_s_7_sequence_18,2,2
epigenomics,map_map_080603_ilmn-ga001_0003_205wwaaxx_taq1_s_7_sequence_19,2,2
epigenomics,map_map_080603_ilmn-ga001_0003_205wwaaxx_taq1_s_7_sequence_2,2,2
epigenomics,map_map_080603_ilmn-ga001_0003_205wwaaxx_taq1_s_7_sequence_20,2,2
epigenomics,map_map_080603_ilmn-ga001_0003_205wwaaxx_taq1_s_7_sequence_21,2,2
epigenomics,map_map_080603_ilmn-ga001_0003_205wwaaxx_taq1_s_7_sequence_22,2,2
epigenomics,map_map_080603_ilmn-ga001_0003_205wwaaxx_taq1_s_7_sequence_23,2,2
epigenomics,map_map_080603_ilmn-ga001_0003_205wwaaxx_taq1_s_7_sequence_24,2,2
epigenomics,map_map_080603_ilmn-ga001_0003_205wwaaxx_taq1_s_7_sequence_25,2,2
epigenomics,map_map_080603_ilmn-ga001_0003_205wwaaxx_taq1_s_7_sequence_26,2,2
epigenomics,map_map_080603_ilmn-ga001_0003_205wwaaxx_taq1_s_7_sequence_27,2,2
epigenomics,map_map_080603_ilmn-ga001_0003_205wwaaxx_taq1_s_7_sequence_28,2,2
epigenomics,map_map_080603_ilmn-ga001_0003_205wwaaxx_taq1_s_7_sequence_29,2,2
epigenomics,map_map_080603_ilmn-ga001_0003_205wwaaxx_taq1_s_7_sequence_3,2,2
epigenomics,map_map_080603_ilmn-ga001_0003_205wwaaxx_taq1_s_7_sequence_30,2,2
epigenomics,map_map_080603_ilmn-ga001_0003_205wwaaxx_taq1_s_7_sequence_31,2,2
epigenomics,map_map_080603_ilmn-ga001_0003_205wwaaxx_taq1_s_7_sequence_32,2,2
epigenomics,map_map_080603_ilmn-ga001_0003_205wwaaxx_taq1_s_7_sequence_33,2,2
epigenomics,map_map_080603_ilmn-ga001_0003_205wwaaxx_taq1_s_7_sequence_34,2,2
epigenomics,map_map_080603_ilmn-ga001_0003_205wwaaxx_taq1_s_7_sequence_35,2,2
epigenomics,map_map_080603_ilmn-ga001_0003_205wwaaxx_taq1_s_7_sequence_36,2,2
epigenomics,map_map_080603_ilmn-ga001_0003_205wwaaxx_taq1_s_7_sequence_37,2,2
epigenomics,map_map_080603_ilmn-ga001_0003_205wwaaxx_taq1_s_7_sequence_4,2,2
epigenomics,map_map_080603_ilmn-ga001_0003_205wwaaxx_taq1_s_7_sequence_5,2,2
epigenomics,map_map_080603_ilmn-ga001_0003_205wwaaxx_taq1_s_7_sequence_6,2,2
epigenomics,map_map_080603_ilmn-ga001_0003_205wwaaxx_taq1_s_7_sequence_7,2,2
epigenomics,map_map_080603_ilmn-ga001_0003_205wwaaxx_taq1_s_7_sequence_8,2,2
epigenomics,map_map_080603_ilmn-ga001_0003_205wwaaxx_taq1_s_7_sequence_9,2,2
epigenomics,sol2sanger_sol2sanger_080603_ilmn-ga001_0003_205wwaaxx_taq1_s_7_sequence_1,2,2
epigenomics,sol2sanger_sol2sanger_080603_ilmn-ga001_0003_205wwaaxx_taq1_s_7_sequence_10,2,2
epigenomics,sol2sanger_sol2sanger_080603_ilmn-ga001_0003_205wwaaxx_taq1_s_7_sequence_11,2,2
epigenomics,sol2sanger_sol2sanger_080603_ilmn-ga001_0003_205wwaaxx_taq1_s_7_sequence_12,2,2
epigenomics,sol2sanger_sol2sanger_080603_ilmn-ga001_0003_205wwaaxx_taq1_s_7_sequence_13,2,2
epigenomics,sol2sanger_sol2sanger_080603_ilmn-ga001_0003_205wwaaxx_taq1_s_7_sequence_14,2,2
epigenomics,sol2sanger_sol2sanger_080603_ilmn-ga001_0003_205wwaaxx_taq1_s_7_sequence_15,2,2
epigenomics,sol2sanger_sol2sanger_080603_ilmn-ga001_0003_205wwaaxx_taq1_s_7_sequence_16,2,2
epigenomics,sol2sanger_sol2sanger_080603_ilmn-ga001_0003_205wwaaxx_taq1_s_7_sequence_17,2,2
epigenomics,sol2sanger_sol2sanger_080603_ilmn-ga001_0003_205wwaaxx_taq1_s_7_sequence_18,2,2
epigenomics,sol2sanger_sol2sanger_080603_ilmn-ga001_0003_205wwaaxx_taq1_s_7_sequence_19,2,2
epigenomics,sol2sanger_sol2sanger_080603_ilmn-ga001_0003_205wwaaxx_taq1_s_7_sequence_2,2,2
epigenomics,sol2sanger_sol2sanger_080603_ilmn-ga001_0003_205wwaaxx_taq1_s_7_sequence_20,2,2
epigenomics,sol2sanger_sol2sanger_080603_ilmn-ga001_0003_205wwaaxx_taq1_s_7_sequence_21,2,2
epigenomics,sol2sanger_sol2sanger_080603_ilmn-ga001_0003_205wwaaxx_taq1_s_7_sequence_22,2,2
epigenomics,sol2sanger_sol2sanger_080603_ilmn-ga001_0003_205wwaaxx_taq1_s_7_sequence_23,2,2
epigenomics,sol2sanger_sol2sanger_080603_ilmn-ga001_0003_205wwaaxx_taq1_s_7_sequence_24,2,2
epigenomics,sol2sanger_sol2sanger_080603_ilmn-ga001_0003_205wwaaxx_taq1_s_7_sequence_25,2,2
epigenomics,sol2sanger_sol2sanger_080603_ilmn-ga001_0003_205wwaaxx_taq1_s_7_sequence_26,2,2
epigenomics,sol2sanger_sol2sanger_080603_ilmn-ga001_0003_205wwaaxx_taq1_s_7_sequence_27,2,2
epigenomics,sol2sanger_sol2sanger_080603_ilmn-ga001_0003_205wwaaxx_taq1_s_7_sequence_28,2,2
epigenomics,sol2sanger_sol2sanger_080603_ilmn-ga001_0003_205wwaaxx_taq1_s_7_sequence_29,2,2
epigenomics,sol2sanger_sol2sanger_080603_ilmn-ga001_0003_205wwaaxx_taq1_s_7_sequence_3,2,2
epigenomics,sol2sanger_sol2sanger_080603_ilmn-ga001_0003_205wwaaxx_taq1_s_7_sequence_30,2,2
epigenomics,sol2sanger_sol2sanger_080603_ilmn-ga001_0003_205wwaaxx_taq1_s_7_sequence_31,2,2
epigenomics,sol2sanger_sol2sanger_080603_ilmn-ga001_0003_205wwaaxx_taq1_s_7_sequence_32,2,2
epigenomics,sol2sanger_sol2sanger_080603_ilmn-ga001_0003_205wwaaxx_taq1_s_7_sequence_33,2,2
epigenomics,sol2sanger_sol2sanger_080603_ilmn-ga001_0003_205wwaaxx_taq1_s_7_sequence_34,2,2
epigenomics,sol2sanger_sol2sanger_080603_ilmn-ga001_0003_205wwaaxx_taq1_s_7_sequence_35,2,2
epigenomics,sol2sanger_sol2sanger_080603_ilmn-ga001_0003_205wwaaxx_taq1_s_7_sequence_36,2,2
epigenomics,sol2sanger_sol2sanger_080603_ilmn-ga001_0003_205wwaaxx_taq1_s_7_sequence_37,2,2
epigenomics,sol2sanger_sol2sanger_080603_ilmn-ga001_0003_205wwaaxx_taq1_s_7_sequence_4,2,2
epigenomics,sol2sanger_sol2sanger_080603_ilmn-ga001_0003_205wwaaxx_taq1_s_7_sequence_5,2,2
epigenomics,sol2sanger_sol2sanger_080603_ilmn-ga001_0003_205wwaaxx_taq1_s_7_sequence_6,2,2
epigenomics,sol2sanger_sol2sanger_080603_ilmn-ga001_0003_205wwaaxx_taq1_s_7_sequence_7,2,2
epigenomics,sol2sanger_sol2sanger_080603_ilmn-ga001_0003_205wwaaxx_taq1_s_7_sequence_8,2,2
epigenomics,sol2sanger_sol2sanger_080603_ilmn-ga001_0003_205wwaaxx_taq1_s_7_sequence_9,2,2
epigenomics,fast2bfq_fast2bfq_hep2_msp1_digests_s_7_sequence_18,1,1
epigenomics,fast2bfq_fast2bfq_hep2_msp1_digests_s_7_sequence_19,1,1
epigenomics,fast2bfq_fast2bfq_hep2_msp1_digests_s_7_sequence_20,1,1
epigenomics,fast2bfq_fast2bfq_hep2_msp1_digests_s_7_sequence_21,1,1
epigenomics,fast2bfq_fast2bfq_hep2_msp1_digests_s_7_sequence_22,1,1
epigenomics,fast2bfq_fast2bfq_hep2_msp1_digests_s_7_sequence_23,1,1
epigenomics,fast2bfq_fast2bfq_hep2_msp1_digests_s_7_sequence_24,1,1
epigenomics,fast2bfq_fast2bfq_hep2_msp1_digests_s_7_sequence_25,1,1
epigenomics,fast2bfq_fast2bfq_hep2_msp1_digests_s_7_sequence_26,1,1
epigenomics,fast2bfq_fast2bfq_hep2_msp1_digests_s_7_sequence_27,1,1
epigenomics,fast2bfq_fast2bfq_hep2_msp1_digests_s_7_sequence_28,1,1
epigenomics,fast2bfq_fast2bfq_hep2_msp1_digests_s_7_sequence_29,1,1
epigenomics,fast2bfq_fast2bfq_hep2_msp1_digests_s_7_sequence_30,1,1
epigenomics,fast2bfq_fast2bfq_hep2_msp1_digests_s_7_sequence_31,1,1
epigenomics,fast2bfq_fast2bfq_hep2_msp1_digests_s_7_sequence_32,1,1
epigenomics,fast2bfq_fast2bfq_hep2_msp1_digests_s_7_sequence_33,1,1
epigenomics,fast2bfq_fast2bfq_hep2_msp1_digests_s_7_sequence_34,1,1
epigenomics,filtercontams_filtercontams_hep2_msp1_digests_s_7_sequence_18,1,1
epigenomics,filtercontams_filtercontams_hep2_msp1_digests_s_7_sequence_19,1,1
epigenomics,filtercontams_filtercontams_hep2_msp1_digests_s_7_sequence_20,1,1
epigenomics,filtercontams_filtercontams_hep2_msp1_digests_s_7_sequence_21,1,1
epigenomics,filtercontams_filtercontams_hep2_msp1_digests_s_7_sequence_22,1,1
epigenomics,filtercontams_filtercontams_hep2_msp1_digests_s_7_sequence_23,1,1
epigenomics,filtercontams_filtercontams_hep2_msp1_digests_s_7_sequence_24,1,1
epigenomics,filtercontams_filtercontams_hep2_msp1_digests_s_7_sequence_25,1,1
epigenomics,filtercontams_filtercontams_hep2_msp1_digests_s_7_sequence_26,1,1
epigenomics,filtercontams_filtercontams_hep2_msp1_digests_s_7_sequence_27,1,1
epigenomics,filtercontams_filtercontams_hep2_msp1_digests_s_7_sequence_28,1,1
epigenomics,filtercontams_filtercontams_hep2_msp1_digests_s_7_sequence_29,1,1
epigenomics,filtercontams_filtercontams_hep2_msp1_digests_s_7_sequence_30,1,1
epigenomics,filtercontams_filtercontams_hep2_msp1_digests_s_7_sequence_31,1,1
epigenomics,filtercontams_filtercontams_hep2_msp1_digests_s_7_sequence_32,1,1
epigenomics,filtercontams_filtercontams_hep2_msp1_digests_s_7_sequence_33,1,1
epigenomics,filtercontams_filtercontams_hep2_msp1_digests_s_7_sequence_34,1,1
epigenomics,map_map_hep2_msp1_digests_s_7_sequence_18,1,1
epigenomics,map_map_hep2_msp1_digests_s_7_sequence_19,1,1
epigenomics,map_map_hep2_msp1_digests_s_7_sequence_20,1,1
epigenomics,map_map_hep2_msp1_digests_s_7_sequence_21,1,1
epigenomics,map_map_hep2_msp1_digests_s_7_sequence_22,1,1
epigenomics,map_map_hep2_msp1_digests_s_7_sequence_23,1,1
epigenomics,map_map_hep2_msp1_digests_s_7_sequence_24,1,1
epigenomics,map_map_hep2_msp1_digests_s_7_sequence_25,1,1
epigenomics,map_map_hep2_msp1_digests_s_7_sequence_26,1,1
epigenomics,map_map_hep2_msp1_digests_s_7_sequence_27,1,1
epigenomics,map_map_hep2_msp1_digests_s_7_sequence_28,1,1
epigenomics,map_map_hep2_msp1_digests_s_7_sequence_29,1,1
epigenomics,map_map_hep2_msp1_digests_s_7_sequence_30,1,1
epigenomics,map_map_hep2_msp1_digests_s_7_sequence_31,1,1
epigenomics,map_map_hep2_msp1_digests_s_7_sequence_32,1,1
epigenomics,map_map_hep2_msp1_digests_s_7_sequence_33,1,1
epigenomics,map_map_hep2_msp1_digests_s_7_sequence_34,1,1
epigenomics,sol2sanger_sol2sanger_hep2_msp1_digests_s_7_sequence_18,1,1
epigenomics,sol2sanger_sol2sanger_hep2_msp1_digests_s_7_sequence_19,1,1
epigenomics,sol2sanger_sol2sanger_hep2_msp1_digests_s_7_sequence_20,1,1
epigenomics,sol2sanger_sol2sanger_hep2_msp1_digests_s_7_sequence_21,1,1
epigenomics,sol2sanger_sol2sanger_hep2_msp1_digests_s_7_sequence_22,1,1
epigenomics,sol2sanger_sol2sanger_hep2_msp1_digests_s_7_sequence_23,1,1
epigenomics,sol2sanger_sol2sanger_hep2_msp1_digests_s_7_sequence_24,1,1
epigenomics,sol2sanger_sol2sanger_hep2_msp1_digests_s_7_sequence_25,1,1
epigenomics,sol2sanger_sol2sanger_hep2_msp1_digests_s_7_sequence_26,1,1
epigenomics,sol2sanger_sol2sanger_hep2_msp1_digests_s_7_sequence_27,1,1
epigenomics,sol2sanger_sol2sanger_hep2_msp1_digests_s_7_sequence_28,1,1
epigenomics,sol2sanger_sol2sanger_hep2_msp1_digests_s_7_sequence_29,1,1
epigenomics,sol2sanger_sol2sanger_hep2_msp1_digests_s_7_sequence_30,1,1
epigenomics,sol2sanger_sol2sanger_hep2_msp1_digests_s_7_sequence_31,1,1
epigenomics,sol2sanger_sol2sanger_hep2_msp1_digests_s_7_sequence_32,1,1
epigenomics,sol2sanger_sol2sanger_hep2_msp1_digests_s_7_sequence_33,1,1
epigenomics,sol2sanger_sol2sanger_hep2_msp1_digests_s_7_sequence_34,1,1
epigenomics,fast2bfq_fast2bfq_080603_ilmn-ga001_0003_205wwaaxx_taq1_s_7_sequence_38,1,1
epigenomics,fast2bfq_fast2bfq_080603_ilmn-ga001_0003_205wwaaxx_taq1_s_7_sequence_39,1,1
epigenomics,fast2bfq_fast2bfq_080603_ilmn-ga001_0003_205wwaaxx_taq1_s_7_sequence_40,1,1
epigenomics,fast2bfq_fast2bfq_080603_ilmn-ga001_0003_205wwaaxx_taq1_s_7_sequence_41,1,1
epigenomics,fast2bfq_fast2bfq_080603_ilmn-ga001_0003_205wwaaxx_taq1_s_7_sequence_42,1,1
epigenomics,fast2bfq_fast2bfq_080603_ilmn-ga001_0003_205wwaaxx_taq1_s_7_sequence_43,1,1
epigenomics,fast2bfq_fast2bfq_080603_ilmn-ga001_0003_205wwaaxx_taq1_s_7_sequence_44,1,1
epigenomics,fast2bfq_fast2bfq_080603_ilmn-ga001_0003_205wwaaxx_taq1_s_7_sequence_45,1,1
epigenomics,fast2bfq_fast2bfq_080603_ilmn-ga001_0003_205wwaaxx_taq1_s_7_sequence_46,1,1
epigenomics,fast2bfq_fast2bfq_080603_ilmn-ga001_0003_205wwaaxx_taq1_s_7_sequence_47,1,1
epigenomics,fast2bfq_fast2bfq_080603_ilmn-ga001_0003_205wwaaxx_taq1_s_7_sequence_48,1,1
epigenomics,fast2bfq_fast2bfq_080603_ilmn-ga001_0003_205wwaaxx_taq1_s_7_sequence_49,1,1
epigenomics,fast2bfq_fast2bfq_080603_ilmn-ga001_0003_205wwaaxx_taq1_s_7_sequence_50,1,1
epigenomics,fast2bfq_fast2bfq_080603_ilmn-ga001_0003_205wwaaxx_taq1_s_7_sequence_51,1,1
epigenomics,fast2bfq_fast2bfq_080603_ilmn-ga001_0003_205wwaaxx_taq1_s_7_sequence_52,1,1
epigenomics,fast2bfq_fast2bfq_080603_ilmn-ga001_0003_205wwaaxx_taq1_s_7_sequence_53,1,1
epigenomics,fast2bfq_fast2bfq_080603_ilmn-ga001_0003_205wwaaxx_taq1_s_7_sequence_54,1,1
epigenomics,fast2bfq_fast2bfq_080603_ilmn-ga001_0003_205wwaaxx_taq1_s_7_sequence_55,1,1
epigenomics,fast2bfq_fast2bfq_080603_ilmn-ga001_0003_205wwaaxx_taq1_s_7_sequence_56,1,1
epigenomics,fast2bfq_fast2bfq_080603_ilmn-ga001_0003_205wwaaxx_taq1_s_7_sequence_57,1,1
epigenomics,fast2bfq_fast2bfq_080603_ilmn-ga001_0003_205wwaaxx_taq1_s_7_sequence_58,1,1
epigenomics,fast2bfq_fast2bfq_080603_ilmn-ga001_0003_205wwaaxx_taq1_s_7_sequence_59,1,1
epigenomics,fast2bfq_fast2bfq_080603_ilmn-ga001_0003_205wwaaxx_taq1_s_7_sequence_60,1,1
epigenomics,fast2bfq_fast2bfq_080603_ilmn-ga001_0003_205wwaaxx_taq1_s_7_sequence_61,1,1
epigenomics,fast2bfq_fast2bfq_080603_ilmn-ga001_0003_205wwaaxx_taq1_s_7_sequence_62,1,1
epigenomics,fast2bfq_fast2bfq_080603_ilmn-ga001_0003_205wwaaxx_taq1_s_7_sequence_63,1,1
epigenomics,fast2bfq_fast2bfq_080603_ilmn-ga001_0003_205wwaaxx_taq1_s_7_sequence_64,1,1
epigenomics,fast2bfq_fast2bfq_080603_ilmn-ga001_0003_205wwaaxx_taq1_s_7_sequence_65,1,1
epigenomics,fast2bfq_fast2bfq_080603_ilmn-ga001_0003_205wwaaxx_taq1_s_7_sequence_66,1,1
epigenomics,fast2bfq_fast2bfq_080603_ilmn-ga001_0003_205wwaaxx_taq1_s_7_sequence_67,1,1
epigenomics,fast2bfq_fast2bfq_080603_ilmn-ga001_0003_205wwaaxx_taq1_s_7_sequence_68,1,1
epigenomics,fast2bfq_fast2bfq_080603_ilmn-ga001_0003_205wwaaxx_taq1_s_7_sequence_69,1,1
epigenomics,fast2bfq_fast2bfq_080603_ilmn-ga001_0003_205wwaaxx_taq1_s_7_sequence_70,1,1
epigenomics,fast2bfq_fast2bfq_080603_ilmn-ga001_0003_205wwaaxx_taq1_s_7_sequence_71,1,1
epigenomics,fast2bfq_fast2bfq_080603_ilmn-ga001_0003_205wwaaxx_taq1_s_7_sequence_72,1,1
epigenomics,fast2bfq_fast2bfq_080603_ilmn-ga001_0003_205wwaaxx_taq1_s_7_sequence_73,1,1
epigenomics,fast2bfq_fast2bfq_080603_ilmn-ga001_0003_205wwaaxx_taq1_s_7_sequence_74,1,1
epigenomics,filtercontams_filtercontams_080603_ilmn-ga001_0003_205wwaaxx_taq1_s_7_sequence_38,1,1
epigenomics,filtercontams_filtercontams_080603_ilmn-ga001_0003_205wwaaxx_taq1_s_7_sequence_39,1,1
epigenomics,filtercontams_filtercontams_080603_ilmn-ga001_0003_205wwaaxx_taq1_s_7_sequence_40,1,1
epigenomics,filtercontams_filtercontams_080603_ilmn-ga001_0003_205wwaaxx_taq1_s_7_sequence_41,1,1
epigenomics,filtercontams_filtercontams_080603_ilmn-ga001_0003_205wwaaxx_taq1_s_7_sequence_42,1,1
epigenomics,filtercontams_filtercontams_080603_ilmn-ga001_0003_205wwaaxx_taq1_s_7_sequence_43,1,1
epigenomics,filtercontams_filtercontams_080603_ilmn-ga001_0003_205wwaaxx_taq1_s_7_sequence_44,1,1
epigenomics,filtercontams_filtercontams_080603_ilmn-ga001_0003_205wwaaxx_taq1_s_7_sequence_45,1,1
epigenomics,filtercontams_filtercontams_080603_ilmn-ga001_0003_205wwaaxx_taq1_s_7_sequence_46,1,1
epigenomics,filtercontams_filtercontams_080603_ilmn-ga001_0003_205wwaaxx_taq1_s_7_sequence_47,1,1
epigenomics,filtercontams_filtercontams_080603_ilmn-ga001_0003_205wwaaxx_taq1_s_7_sequence_48,1,1
epigenomics,filtercontams_filtercontams_080603_ilmn-ga001_0003_205wwaaxx_taq1_s_7_sequence_49,1,1
epigenomics,filtercontams_filtercontams_080603_ilmn-ga001_0003_205wwaaxx_taq1_s_7_sequence_50,1,1
epigenomics,filtercontams_filtercontams_080603_ilmn-ga001_0003_205wwaaxx_taq1_s_7_sequence_51,1,1
epigenomics,filtercontams_filtercontams_080603_ilmn-ga001_0003_205wwaaxx_taq1_s_7_sequence_52,1,1
epigenomics,filtercontams_filtercontams_080603_ilmn-ga001_0003_205wwaaxx_taq1_s_7_sequence_53,1,1
epigenomics,filtercontams_filtercontams_080603_ilmn-ga001_0003_205wwaaxx_taq1_s_7_sequence_54,1,1
epigenomics,filtercontams_filtercontams_080603_ilmn-ga001_0003_205wwaaxx_taq1_s_7_sequence_55,1,1
epigenomics,filtercontams_filtercontams_080603_ilmn-ga001_0003_205wwaaxx_taq1_s_7_sequence_56,1,1
epigenomics,filtercontams_filtercontams_080603_ilmn-ga001_0003_205wwaaxx_taq1_s_7_sequence_57,1,1
epigenomics,filtercontams_filtercontams_080603_ilmn-ga001_0003_205wwaaxx_taq1_s_7_sequence_58,1,1
epigenomics,filtercontams_filtercontams_080603_ilmn-ga001_0003_205wwaaxx_taq1_s_7_sequence_59,1,1
epigenomics,filtercontams_filtercontams_080603_ilmn-ga001_0003_205wwaaxx_taq1_s_7_sequence_60,1,1
epigenomics,filtercontams_filtercontams_080603_ilmn-ga001_0003_205wwaaxx_taq1_s_7_sequence_61,1,1
epigenomics,filtercontams_filtercontams_080603_ilmn-ga001_0003_205wwaaxx_taq1_s_7_sequence_62,1,1
epigenomics,filtercontams_filtercontams_080603_ilmn-ga001_0003_205wwaaxx_taq1_s_7_sequence_63,1,1
epigenomics,filtercontams_filtercontams_080603_ilmn-ga001_0003_205wwaaxx_taq1_s_7_sequence_64,1,1
epigenomics,filtercontams_filtercontams_080603_ilmn-ga001_0003_205wwaaxx_taq1_s_7_sequence_65,1,1
epigenomics,filtercontams_filtercontams_080603_ilmn-ga001_0003_205wwaaxx_taq1_s_7_sequence_66,1,1
epigenomics,filtercontams_filtercontams_080603_ilmn-ga001_0003_205wwaaxx_taq1_s_7_sequence_67,1,1
epigenomics,filtercontams_filtercontams_080603_ilmn-ga001_0003_205wwaaxx_taq1_s_7_sequence_68,1,1
epigenomics,filtercontams_filtercontams_080603_ilmn-ga001_0003_205wwaaxx_taq1_s_7_sequence_69,1,1
epigenomics,filtercontams_filtercontams_080603_ilmn-ga001_0003_205wwaaxx_taq1_s_7_sequence_70,1,1
epigenomics,filtercontams_filtercontams_080603_ilmn-ga001_0003_205wwaaxx_taq1_s_7_sequence_71,1,1
epigenomics,filtercontams_filtercontams_080603_ilmn-ga001_0003_205wwaaxx_taq1_s_7_sequence_72,1,1
epigenomics,filtercontams_filtercontams_080603_ilmn-ga001_0003_205wwaaxx_taq1_s_7_sequence_73,1,1
epigenomics,filtercontams_filtercontams_080603_ilmn-ga001_0003_205wwaaxx_taq1_s_7_sequence_74,1,1
epigenomics,map_map_080603_ilmn-ga001_0003_205wwaaxx_taq1_s_7_sequence_38,1,1
epigenomics,map_map_080603_ilmn-ga001_0003_205wwaaxx_taq1_s_7_sequence_39,1,1
epigenomics,map_map_080603_ilmn-ga001_0003_205wwaaxx_taq1_s_7_sequence_40,1,1
epigenomics,map_map_080603_ilmn-ga001_0003_205wwaaxx_taq1_s_7_sequence_41,1,1
epigenomics,map_map_080603_ilmn-ga001_0003_205wwaaxx_taq1_s_7_sequence_42,1,1
epigenomics,map_map_080603_ilmn-ga001_0003_205wwaaxx_taq1_s_7_sequence_43,1,1
epigenomics,map_map_080603_ilmn-ga001_0003_205wwaaxx_taq1_s_7_sequence_44,1,1
epigenomics,map_map_080603_ilmn-ga001_0003_205wwaaxx_taq1_s_7_sequence_45,1,1
epigenomics,map_map_080603_ilmn-ga001_0003_205wwaaxx_taq1_s_7_sequence_46,1,1
epigenomics,map_map_080603_ilmn-ga001_0003_205wwaaxx_taq1_s_7_sequence_47,1,1
epigenomics,map_map_080603_ilmn-ga001_0003_205wwaaxx_taq1_s_7_sequence_48,1,1
epigenomics,map_map_080603_ilmn-ga001_0003_205wwaaxx_taq1_s_7_sequence_49,1,1
epigenomics,map_map_080603_ilmn-ga001_0003_205wwaaxx_taq1_s_7_sequence_50,1,1
epigenomics,map_map_080603_ilmn-ga001_0003_205wwaaxx_taq1_s_7_sequence_51,1,1
epigenomics,map_map_080603_ilmn-ga001_0003_205wwaaxx_taq1_s_7_sequence_52,1,1
epigenomics,map_map_080603_ilmn-ga001_0003_205wwaaxx_taq1_s_7_sequence_53,1,1
epigenomics,map_map_080603_ilmn-ga001_0003_205wwaaxx_taq1_s_7_sequence_54,1,1
epigenomics,map_map_080603_ilmn-ga001_0003_205wwaaxx_taq1_s_7_sequence_55,1,1
epigenomics,map_map_080603_ilmn-ga001_0003_205wwaaxx_taq1_s_7_sequence_56,1,1
epigenomics,map_map_080603_ilmn-ga001_0003_205wwaaxx_taq1_s_7_sequence_57,1,1
epigenomics,map_map_080603_ilmn-ga001_0003_205wwaaxx_taq1_s_7_sequence_58,1,1
epigenomics,map_map_080603_ilmn-ga001_0003_205wwaaxx_taq1_s_7_sequence_59,1,1
epigenomics,map_map_080603_ilmn-ga001_0003_205wwaaxx_taq1_s_7_sequence_60,1,1
epigenomics,map_map_080603_ilmn-ga001_0003_205wwaaxx_taq1_s_7_sequence_61,1,1
epigenomics,map_map_080603_ilmn-ga001_0003_205wwaaxx_taq1_s_7_sequence_62,1,1
epigenomics,map_map_080603_ilmn-ga001_0003_205wwaaxx_taq1_s_7_sequence_63,1,1
epigenomics,map_map_080603_ilmn-ga001_0003_205wwaaxx_taq1_s_7_sequence_64,1,1
epigenomics,map_map_080603_ilmn-ga001_0003_205wwaaxx_taq1_s_7_sequence_65,1,1
epigenomics,map_map_080603_ilmn-ga001_0003_205wwaaxx_taq1_s_7_sequence_66,1,1
epigenomics,map_map_080603_ilmn-ga001_0003_205wwaaxx_taq1_s_7_sequence_67,1,1
epigenomics,map_map_080603_ilmn-ga001_0003_205wwaaxx_taq1_s_7_sequence_68,1,1
epigenomics,map_map_080603_ilmn-ga001_0003_205wwaaxx_taq1_s_7_sequence_69,1,1
epigenomics,map_map_080603_ilmn-ga001_0003_205wwaaxx_taq1_s_7_sequence_70,1,1
epigenomics,map_map_080603_ilmn-ga001_0003_205wwaaxx_taq1_s_7_sequence_71,1,1
epigenomics,map_map_080603_ilmn-ga001_0003_205wwaaxx_taq1_s_7_sequence_72,1,1
epigenomics,map_map_080603_ilmn-ga001_0003_205wwaaxx_taq1_s_7_sequence_73,1,1
epigenomics,map_map_080603_ilmn-ga001_0003_205wwaaxx_taq1_s_7_sequence_74,1,1
epigenomics,sol2sanger_sol2sanger_080603_ilmn-ga001_0003_205wwaaxx_taq1_s_7_sequence_38,1,1
epigenomics,sol2sanger_sol2sanger_080603_ilmn-ga001_0003_205wwaaxx_taq1_s_7_sequence_39,1,1
epigenomics,sol2sanger_sol2sanger_080603_ilmn-ga001_0003_205wwaaxx_taq1_s_7_sequence_40,1,1
epigenomics,sol2sanger_sol2sanger_080603_ilmn-ga001_0003_205wwaaxx_taq1_s_7_sequence_41,1,1
epigenomics,sol2sanger_sol2sanger_080603_ilmn-ga001_0003_205wwaaxx_taq1_s_7_sequence_42,1,1
epigenomics,sol2sanger_sol2sanger_080603_ilmn-ga001_0003_205wwaaxx_taq1_s_7_sequence_43,1,1
epigenomics,sol2sanger_sol2sanger_080603_ilmn-ga001_0003_205wwaaxx_taq1_s_7_sequence_44,1,1
epigenomics,sol2sanger_sol2sanger_080603_ilmn-ga001_0003_205wwaaxx_taq1_s_7_sequence_45,1,1
epigenomics,sol2sanger_sol2sanger_080603_ilmn-ga001_0003_205wwaaxx_taq1_s_7_sequence_46,1,1
epigenomics,sol2sanger_sol2sanger_080603_ilmn-ga001_0003_205wwaaxx_taq1_s_7_sequence_47,1,1
epigenomics,sol2sanger_sol2sanger_080603_ilmn-ga001_0003_205wwaaxx_taq1_s_7_sequence_48,1,1
epigenomics,sol2sanger_sol2sanger_080603_ilmn-ga001_0003_205wwaaxx_taq1_s_7_sequence_49,1,1
epigenomics,sol2sanger_sol2sanger_080603_ilmn-ga001_0003_205wwaaxx_taq1_s_7_sequence_50,1,1
epigenomics,sol2sanger_sol2sanger_080603_ilmn-ga001_0003_205wwaaxx_taq1_s_7_sequence_51,1,1
epigenomics,sol2sanger_sol2sanger_080603_ilmn-ga001_0003_205wwaaxx_taq1_s_7_sequence_52,1,1
epigenomics,sol2sanger_sol2sanger_080603_ilmn-ga001_0003_205wwaaxx_taq1_s_7_sequence_53,1,1
epigenomics,sol2sanger_sol2sanger_080603_ilmn-ga001_0003_205wwaaxx_taq1_s_7_sequence_54,1,1
epigenomics,sol2sanger_sol2sanger_080603_ilmn-ga001_0003_205wwaaxx_taq1_s_7_sequence_55,1,1
epigenomics,sol2sanger_sol2sanger_080603_ilmn-ga001_0003_205wwaaxx_taq1_s_7_sequence_56,1,1
epigenomics,sol2sanger_sol2sanger_080603_ilmn-ga001_0003_205wwaaxx_taq1_s_7_sequence_57,1,1
epigenomics,sol2sanger_sol2sanger_080603_ilmn-ga001_0003_205wwaaxx_taq1_s_7_sequence_58,1,1
epigenomics,sol2sanger_sol2sanger_080603_ilmn-ga001_0003_205wwaaxx_taq1_s_7_sequence_59,1,1
epigenomics,sol2sanger_sol2sanger_080603_ilmn-ga001_0003_205wwaaxx_taq1_s_7_sequence_60,1,1
epigenomics,sol2sanger_sol2sanger_080603_ilmn-ga001_0003_205wwaaxx_taq1_s_7_sequence_61,1,1
epigenomics,sol2sanger_sol2sanger_080603_ilmn-ga001_0003_205wwaaxx_taq1_s_7_sequence_62,1,1
epigenomics,sol2sanger_sol2sanger_080603_ilmn-ga001_0003_205wwaaxx_taq1_s_7_sequence_63,1,1
epigenomics,sol2sanger_sol2sanger_080603_ilmn-ga001_0003_205wwaaxx_taq1_s_7_sequence_64,1,1
epigenomics,sol2sanger_sol2sanger_080603_ilmn-ga001_0003_205wwaaxx_taq1_s_7_sequence_65,1,1
epigenomics,sol2sanger_sol2sanger_080603_ilmn-ga001_0003_205wwaaxx_taq1_s_7_sequence_66,1,1
epigenomics,sol2sanger_sol2sanger_080603_ilmn-ga001_0003_205wwaaxx_taq1_s_7_sequence_67,1,1
epigenomics,sol2sanger_sol2sanger_080603_ilmn-ga001_0003_205wwaaxx_taq1_s_7_sequence_68,1,1
epigenomics,sol2sanger_sol2sanger_080603_ilmn-ga001_0003_205wwaaxx_taq1_s_7_sequence_69,1,1
epigenomics,sol2sanger_sol2sanger_080603_ilmn-ga001_0003_205wwaaxx_taq1_s_7_sequence_70,1,1
epigenomics,sol2sanger_sol2sanger_080603_ilmn-ga001_0003_205wwaaxx_taq1_s_7_sequence_71,1,1
epigenomics,sol2sanger_sol2sanger_080603_ilmn-ga001_0003_205wwaaxx_taq1_s_7_sequence_72,1,1
epigenomics,sol2sanger_sol2sanger_080603_ilmn-ga001_0003_205wwaaxx_taq1_s_7_sequence_73,1,1
epigenomics,sol2sanger_sol2sanger_080603_ilmn-ga001_0003_205wwaaxx_taq1_s_7_sequence_74,1,1
fetchngs,sra_ids_to_runinfo,9,9
fetchngs,sra_runinfo_to_ftp,9,9
fetchngs,sra_to_samplesheet,9,9
fetchngs,sra_fastq_ftp,6,6
fetchngs,sratools_prefetch,3,3
fetchngs,sratools_fasterqdump,3,3
fetchngs,custom_sratoolsncbisettings,1,1
fetchngs,file_handling,1,1
fetchngs,reporting,1,1
fetchngs,custom_dumpsoftwareversions,1,1
forkjoin,compute_intensive,10,10
hic,alignment,7,7
hic,file_handling,5,5
hic,cooler_makebins,2,2
hic,trim_reads,2,2
hic,cooler_cload,2,2
hic,cooler_balance,2,2
hic,cooler_dump,2,2
hic,data_splitting,2,2
hic,samplesheet_check,1,1
hic,custom_getchromsizes,1,1
hic,get_restriction_fragments,1,1
hic,qc,1,1
hic,combine_mates,1,1
hic,get_valid_interaction,1,1
hic,hicpro2pairs,1,1
hic,reporting,1,1
hic,cooler_zoomify,1,1
hic,hic_find_tads,1,1
hic,hic_plot_dist_vs_counts,1,1
hic,cooltools_insulation,1,1
hic,cooltools_eigscis,1,1
hic,custom_dumpsoftwareversions,1,1
mag,prokka,19,19
mag,busco,19,19
mag,alignment,15,15
mag,gunzip_unbins,10,10
mag,gunzip_bins,9,9
mag,data_splitting,7,7
mag,quast_bins,7,7
mag,mag_depths,7,7
mag,mag_depths_plot,7,7
mag,busco_plot,7,7
mag,qc,4,4
mag,prodigal,4,4
mag,quast,4,4
mag,metabat2_jgisummarizebamcontigdepths,4,4
mag,convert_depths,4,4
mag,metabat2_metabat2,4,4
mag,maxbin2,4,4
mag,adjust_maxbin2_ext,3,3
mag,preprocessing,2,2
mag,kraken2,2,2
mag,centrifuge,2,2
mag,spades,2,2
mag,megahit,2,2
mag,kraken2_db_preparation,1,1
mag,centrifuge_db_preparation,1,1
mag,busco_db_preparation,1,1
mag,quast_bins_summary,1,1
mag,mag_depths_summary,1,1
mag,busco_summary,1,1
mag,custom_dumpsoftwareversions,1,1
mag,bin_summary,1,1
mag,reporting,1,1
methylseq,file_handling,6,6
methylseq,file_concatenation,4,4
methylseq,qc,3,3
methylseq,trimgalore,3,3
methylseq,bismark_align,3,3
methylseq,bismark_methylationextractor,3,3
methylseq,complexity_estimation,3,3
methylseq,qualimap_bamqc,3,3
methylseq,bismark_report,3,3
methylseq,samplesheet_check,1,1
methylseq,bismark_genomepreparation,1,1
methylseq,bismark_summary,1,1
methylseq,custom_dumpsoftwareversions,1,1
methylseq,reporting,1,1
montage,mdifffit,27552,27552
montage,image_processing,5772,5772
montage,mbackground,4125,4125
montage,mviewer,68,68
montage,file_concatenation,51,51
montage,mbgmodel,51,51
rnaseq,file_handling,35,35
rnaseq,quantification,31,31
rnaseq,visualization,20,20
rnaseq,indexing,10,10
rnaseq,file_concatenation,8,8
rnaseq,alignment,7,7
rnaseq,reporting,7,7
rnaseq,data_splitting,6,6
rnaseq,qc,5,5
rnaseq,trimgalore,5,5
rnaseq,deduplication,5,5
rnaseq,genomic_interval_ops,5,5
rnaseq,stringtie_stringtie,5,5
rnaseq,qualimap_rnaseq,5,5
rnaseq,dupradar,5,5
rnaseq,rseqc_bamstat,5,5
rnaseq,rseqc_readdistribution,5,5
rnaseq,rseqc_inferexperiment,5,5
rnaseq,rseqc_innerdistance,5,5
rnaseq,rseqc_junctionsaturation,5,5
rnaseq,rseqc_junctionannotation,5,5
rnaseq,fq_subsample,2,2
rnaseq,samplesheet_check,1,1
rnaseq,gunzip_gtf,1,1
rnaseq,gunzip_additional_fasta,1,1
rnaseq,custom_getchromsizes,1,1
rnaseq,gtf2bed,1,1
rnaseq,custom_dumpsoftwareversions,1,1
sarek,indexing,5,5
sarek,file_handling,3,3
sarek,alignment,2,2
sarek,mosdepth,2,2
sarek,gatk4_createsequencedictionary,1,1
sarek,gatk4_intervallisttobed,1,1
sarek,create_intervals_bed,1,1
sarek,qc,1,1
sarek,file_concatenation,1,1
sarek,gatk4_baserecalibrator,1,1
sarek,gatk4_applybqsr,1,1
sarek,strelka_single,1,1
sarek,bcftools_stats,1,1
sarek,vcftools_tstv_count,1,1
sarek,vcftools_tstv_qual,1,1
sarek,vcftools_summary,1,1
sarek,custom_dumpsoftwareversions,1,1
sarek,reporting,1,1
scrnaseq,alignment,3,3
scrnaseq,qc,2,2
scrnaseq,mtx_to_seurat,2,2
scrnaseq,mtx_to_h5ad,2,2
scrnaseq,samplesheet_check,1,1
scrnaseq,gtf_gene_filter,1,1
scrnaseq,custom_dumpsoftwareversions,1,1
scrnaseq,file_concatenation,1,1
scrnaseq,reporting,1,1
seismology,sg1iterdecon,6600,6600
seismology,wrapper_siftstfbymisfit,11,11
smrnaseq,file_handling,89,89
smrnaseq,indexing,27,27
smrnaseq,qc,16,16
smrnaseq,preprocessing,8,8
smrnaseq,bowtie_map_mature,8,8
smrnaseq,seqcluster_sequences,8,8
smrnaseq,mirtrace_run,8,8
smrnaseq,bowtie_map_hairpin,8,8
smrnaseq,bowtie_map_seqcluster,8,8
smrnaseq,bowtie_map_genome,8,8
smrnaseq,samplesheet_check,1,1
smrnaseq,parse_mature,1,1
smrnaseq,parse_hairpin,1,1
smrnaseq,format_mature,1,1
smrnaseq,format_hairpin,1,1
smrnaseq,mirtop_quant,1,1
smrnaseq,edger_qc,1,1
smrnaseq,custom_dumpsoftwareversions,1,1
smrnaseq,reporting,1,1
soykb,haplotype_caller,2250,2250
soykb,alignment_to_reference,150,150
soykb,sort_sam,150,150
soykb,dedup,150,150
soykb,add_replace,150,150
soykb,realign_target_creator,150,150
soykb,indel_realign,150,150
soykb,genotype_gvcfs,150,150
soykb,file_handling,10,10
soykb,combine_variants,10,10
soykb,select_variants_snp,10,10
soykb,filtering_snp,10,10
soykb,select_variants_indel,10,10
soykb,filtering_indel,10,10
srasearch,alignment,775,775
srasearch,fasterq-dump,750,750
srasearch,file_handling,55,55
taxprofiler,krona_cleanup,15,15
taxprofiler,file_handling,15,15
taxprofiler,krakentools_kreport2krona,11,11
taxprofiler,kraken2_kraken2,8,8
taxprofiler,indexing,6,6
taxprofiler,alignment,5,5
taxprofiler,untar,5,5
taxprofiler,qc,5,5
taxprofiler,filtering,5,5
taxprofiler,blast_search,4,4
taxprofiler,preprocessing,4,4
taxprofiler,kaiju_kaiju,4,4
taxprofiler,bbmap_bbduk,4,4
taxprofiler,kaiju_kaiju2krona,4,4
taxprofiler,kaiju_kaiju2table_single,4,4
taxprofiler,krona_ktimporttext,4,4
taxprofiler,bracken_bracken,3,3
taxprofiler,metaphlan3_metaphlan3,3,3
taxprofiler,centrifuge_centrifuge,3,3
taxprofiler,centrifuge_kreport,3,3
taxprofiler,krakentools_combinekreports_kraken,2,2
taxprofiler,samplesheet_check,1,1
taxprofiler,porechop_porechop,1,1
taxprofiler,filtlong,1,1
taxprofiler,minimap2_align,1,1
taxprofiler,file_concatenation,1,1
taxprofiler,kaiju_kaiju2table_combined,1,1
taxprofiler,bracken_combinebrackenoutputs,1,1
taxprofiler,krakentools_combinekreports_centrifuge,1,1
taxprofiler,custom_dumpsoftwareversions,1,1
taxprofiler,reporting,1,1
viralrecon,file_handling,27,27
viralrecon,blast_search,19,19
viralrecon,indexing,18,18
viralrecon,qc,9,9
viralrecon,abacas,9,9
viralrecon,gunzip_gfa,6,6
viralrecon,gunzip_scaffolds,6,6
viralrecon,bandage_image,6,6
viralrecon,bcftools_stats,6,6
viralrecon,alignment,4,4
viralrecon,genomic_interval_ops,4,4
viralrecon,quast,4,4
viralrecon,preprocessing,3,3
viralrecon,kraken2_kraken2,3,3
viralrecon,trimming,3,3
viralrecon,unicycler,3,3
viralrecon,spades,3,3
viralrecon,minia,3,3
viralrecon,ivar_trim,3,3
viralrecon,ivar_variants,3,3
viralrecon,mosdepth_genome,3,3
viralrecon,mosdepth_amplicon,3,3
viralrecon,deduplication,3,3
viralrecon,ivar_variants_to_vcf,3,3
viralrecon,bcftools_sort,3,3
viralrecon,bcftools_filter,3,3
viralrecon,snpeff_ann,3,3
viralrecon,bcftools_query,3,3
viralrecon,make_bed_mask,3,3
viralrecon,asciigenome,3,3
viralrecon,snpsift_extractfields,3,3
viralrecon,bcftools_consensus,3,3
viralrecon,rename_fasta_header,3,3
viralrecon,pangolin,3,3
viralrecon,nextclade_run,3,3
viralrecon,plot_base_density,3,3
viralrecon,samplesheet_check,1,1
viralrecon,collapse_primers,1,1
viralrecon,custom_getchromsizes,1,1
viralrecon,gunzip_gff,1,1
viralrecon,untar_nextclade_db,1,1
viralrecon,untar_kraken2_db,1,1
viralrecon,file_concatenation,1,1
viralrecon,snpeff_build,1,1
viralrecon,plot_mosdepth_regions_amplicon,1,1
viralrecon,plot_mosdepth_regions_genome,1,1
viralrecon,make_variants_long_table,1,1
viralrecon,custom_dumpsoftwareversions,1,1
viralrecon,reporting,1,1
